CustomerID,Recency,Frequency,MonetaryValue,Cluster
12347.0,4749,7,4310.0,1
12348.0,4822,4,1797.24,1
12349.0,4765,1,1757.55,2
12350.0,5057,1,334.4,2
12353.0,4951,1,89.0,0
12354.0,4979,1,1079.4,2
12355.0,4961,1,459.4,2
12356.0,4769,3,2811.43,1
12357.0,4780,1,6207.67,1
12358.0,4748,2,1168.06,2
12360.0,4799,3,2662.06,1
12361.0,5034,1,189.9,0
12363.0,4856,2,552.0,2
12364.0,4754,4,1313.1,1
12367.0,4751,1,168.9,0
12370.0,4798,4,3545.69,1
12371.0,4791,2,1887.96,1
12372.0,4818,3,1298.04,1
12373.0,5058,1,364.6,2
12374.0,4772,1,742.9300000000001,2
12377.0,5062,2,1628.12,1
12378.0,4876,1,4008.62,1
12386.0,5084,2,401.9,2
12388.0,4762,6,2780.66,1
12390.0,4826,1,549.84,2
12391.0,4768,1,460.89,2
12393.0,4819,4,1582.6,1
12394.0,4810,2,1272.48,1
12397.0,4782,2,2409.9,1
12398.0,4792,1,1635.66,2
12399.0,4866,4,1108.65,1
12401.0,5050,1,84.3,0
12402.0,5070,1,225.6,0
12405.0,4895,1,1710.39,2
12407.0,4796,5,1708.12,1
12412.0,4821,3,1226.88,1
12414.0,4964,3,562.41,2
12418.0,4859,1,668.58,2
12420.0,4810,1,600.39,2
12422.0,4842,3,803.5600000000001,2
12424.0,4909,2,1760.96,1
12425.0,4825,1,777.2,2
12426.0,4941,1,582.73,2
12429.0,4756,4,3750.4,1
12430.0,4790,1,256.4,0
12432.0,4789,5,5059.32,1
12433.0,4747,7,13375.87,1
12435.0,4826,2,7829.89,1
12436.0,4846,1,509.01,2
12438.0,4761,2,2906.85,1
12441.0,5113,1,173.55,0
12442.0,4750,1,172.06,0
12445.0,4769,1,133.4,0
12447.0,4990,1,476.49,2
12448.0,4791,1,449.45,2
12449.0,4769,4,4067.29,1
12450.0,4903,2,197.88,0
12453.0,4881,1,707.09,2
12455.0,4820,6,2466.86,1
12458.0,4818,2,947.4,2
12461.0,4841,2,826.88,2
12464.0,4757,8,1212.05,1
12475.0,4800,1,723.38,2
12478.0,4750,1,680.99,2
12480.0,4775,4,3281.63,1
12488.0,4756,3,1298.66,1
12489.0,5083,1,334.93,2
12490.0,4752,10,5417.93,1
12491.0,4785,1,460.4,2
12492.0,4810,2,263.21000000000004,2
12497.0,4828,1,1043.1,2
12498.0,4768,3,403.7000000000001,2
12502.0,4842,5,3723.87,1
12506.0,4979,1,73.5,0
12508.0,4773,2,398.27,2
12509.0,5031,1,176.5,0
12510.0,4889,2,982.57,2
12512.0,4813,2,138.03,0
12514.0,5014,1,1017.68,2
12515.0,5100,1,383.7,2
12516.0,4824,2,1312.06,1
12518.0,4747,5,2056.89,1
12519.0,4810,1,340.84,2
12521.0,4889,1,599.68,2
12522.0,4786,2,192.72,0
12524.0,4756,8,4485.72,1
12526.0,4747,3,1316.66,1
12527.0,4828,3,348.71000000000004,2
12531.0,4761,1,125.22,0
12532.0,4777,1,349.83000000000004,2
12534.0,4877,1,1089.18,2
12535.0,4838,2,716.35,2
12538.0,4776,1,363.95,2
12541.0,4776,3,981.18,1
12545.0,4822,2,1000.39,2
12547.0,4944,2,207.8,0
12548.0,4913,1,95.2,0
12550.0,4826,1,964.83,2
12551.0,5104,1,168.0,0
12552.0,4785,2,437.82,2
12556.0,4797,2,603.71,2
12557.0,4763,5,11990.96,1
12561.0,5049,1,238.85,0
12562.0,4755,7,3781.74,1
12564.0,5008,1,456.9,2
12571.0,4786,2,519.61,2
12573.0,4974,1,160.54000000000002,0
12574.0,5062,1,218.45,0
12580.0,4993,1,415.7,2
12581.0,4786,1,197.71,0
12582.0,4985,2,511.36,2
12587.0,4754,1,144.0,0
12588.0,4786,1,214.9,0
12589.0,4775,2,646.68,2
12591.0,5064,1,452.85,2
12592.0,4839,2,437.6,2
12593.0,4855,3,418.1,2
12596.0,4798,2,618.27,2
12599.0,4776,7,1032.58,1
12602.0,4805,1,153.12,0
12604.0,4826,2,254.18,2
12609.0,4825,3,1126.85,1
12611.0,4799,1,1193.32,2
12614.0,5024,1,315.6,2
12615.0,4749,4,2291.19,1
12617.0,4776,1,355.53,2
12618.0,4768,1,177.31,0
12620.0,4761,3,1339.41,1
12622.0,4979,1,180.1,0
12623.0,5023,1,305.1,2
12624.0,4853,2,641.13,2
12627.0,4757,7,4478.53,1
12630.0,4756,2,1270.88,1
12631.0,4804,1,640.5,2
12635.0,4836,2,1689.18,1
12638.0,4780,1,671.69,2
12639.0,4985,1,486.1,2
12640.0,4770,3,1174.58,1
12641.0,4862,1,185.9,0
12642.0,4772,3,1013.26,1
12643.0,4875,6,3344.64,1
12644.0,4876,1,477.91,2
12646.0,4751,2,1346.97,1
12648.0,4901,1,318.05,2
12650.0,4750,1,314.44,2
12651.0,5081,1,114.0,0
12653.0,4895,2,2209.85,1
12654.0,4757,5,601.98,1
12658.0,4765,1,686.05,2
12659.0,4776,1,91.68,0
12660.0,4758,1,245.1,0
12667.0,4805,1,620.13,2
12672.0,5076,1,225.9,0
12673.0,4752,2,610.52,2
12676.0,4771,6,1331.39,1
12680.0,4747,4,862.81,1
12682.0,4750,31,12288.22,1
12684.0,4754,7,2283.63,1
12685.0,4775,6,2863.08,1
12686.0,5118,1,89.14,0
12688.0,4860,1,4873.81,1
12689.0,4772,2,1247.61,1
12690.0,4952,1,389.01,2
12691.0,4775,6,1035.8,1
12694.0,4817,2,869.67,2
12695.0,4754,4,582.1,2
12701.0,4826,2,797.71,2
12702.0,4766,1,219.0,0
12707.0,5038,1,603.42,2
12713.0,4747,1,848.55,2
12714.0,4756,5,4708.86,1
12715.0,4853,1,353.86,2
12716.0,4750,2,1053.49,2
12718.0,4818,1,238.25,0
12723.0,4750,5,725.07,1
12724.0,4752,4,1031.41,1
12725.0,5118,1,427.8,2
12726.0,4775,7,2609.1,1
12728.0,4818,4,836.33,1
12729.0,4860,1,453.01,2
12732.0,4926,1,236.26,0
12733.0,4981,1,383.95,2
12734.0,5099,1,110.4,0
12735.0,5062,2,779.5699999999999,2
12736.0,5079,1,234.0,0
12738.0,5119,1,155.35,0
12739.0,4825,2,1013.04,2
12740.0,4810,1,427.6,2
12743.0,4881,2,546.43,2
12747.0,4749,11,4196.01,1
12750.0,4875,1,275.88,0
12752.0,4828,1,4366.78,1
12756.0,4833,1,112.07999999999998,0
12758.0,4863,2,2791.59,1
12759.0,4799,3,1531.44,1
12762.0,4754,2,1898.52,1
12763.0,4885,2,494.08,2
12764.0,5063,1,1693.88,2
12766.0,4750,7,6989.63,1
12769.0,4985,1,1143.6,2
12770.0,4957,1,1351.45,2
12772.0,4806,1,892.47,2
12784.0,4756,2,574.42,2
12787.0,4756,3,463.66,2
12789.0,4812,1,91.85,0
12790.0,4939,1,324.92,2
12791.0,5120,1,192.6,0
12792.0,5003,1,400.54,2
12793.0,5081,2,545.48,2
12794.0,4800,2,860.41,2
12795.0,4765,1,430.48,2
12798.0,4757,3,6977.04,1
12808.0,4783,3,483.65,2
12811.0,5007,3,514.85,2
12812.0,4791,1,229.64,0
12814.0,4848,1,125.92,0
12815.0,4894,2,1063.46,2
12816.0,4842,2,572.2,2
12817.0,5028,1,166.04,0
12820.0,4750,4,942.34,1
12821.0,4961,1,92.72,0
12823.0,4821,5,1759.5,1
12824.0,4806,1,397.12,2
12827.0,4752,3,430.15,2
12828.0,4749,6,1018.71,1
12831.0,5009,1,215.05,0
12832.0,4779,2,383.03,2
12833.0,4892,1,417.38,2
12834.0,5029,1,312.38,2
12836.0,4806,4,2612.86,1
12837.0,4920,1,134.1,0
12838.0,4780,2,683.13,2
12842.0,4817,2,1118.99,2
12844.0,4776,2,325.96000000000004,2
12845.0,5014,4,354.09,2
12847.0,4769,1,871.54,2
12849.0,4778,2,1050.89,2
12851.0,4843,1,135.18,0
12855.0,5119,1,38.1,0
12857.0,4957,2,1106.4,2
12864.0,4885,1,147.12,0
12866.0,5030,1,559.12,2
12868.0,4932,6,1607.0600000000002,1
12871.0,4831,2,380.64,2
12872.0,5073,2,599.97,2
12873.0,5029,1,374.0,2
12875.0,4890,2,343.2300000000001,2
12876.0,4804,2,2218.02,1
12877.0,4750,12,1535.77,1
12881.0,5022,1,298.0,2
12882.0,4756,2,1463.04,1
12883.0,4771,4,703.47,1
12884.0,4835,1,309.05,2
12890.0,4771,1,380.47,2
12891.0,4932,3,331.0,2
12893.0,4777,1,188.14,0
12897.0,4951,2,216.5,0
12902.0,5011,1,138.68,0
12904.0,4765,2,509.58,2
12906.0,4758,5,2919.81,1
12910.0,4770,8,3075.04,1
12912.0,4749,5,1662.3,1
12913.0,4751,5,2483.63,1
12915.0,4895,2,363.65,2
12917.0,4875,1,594.0,2
12920.0,4764,1,164.23,0
12922.0,4908,1,405.38,2
12923.0,4811,1,176.97,0
12925.0,4751,2,694.05,2
12928.0,4782,5,2062.7000000000003,1
12937.0,4762,4,1504.27,1
12938.0,4772,1,114.14,0
12939.0,4811,8,11581.8,1
12942.0,4878,3,683.9,2
12944.0,4782,2,604.51,2
12945.0,5035,1,462.95,2
12950.0,4749,3,1843.0,1
12953.0,4756,1,329.85,2
12956.0,5053,1,108.07,0
12962.0,4754,2,266.39,2
12965.0,4836,1,771.91,2
12966.0,4756,1,160.18,0
12968.0,4859,1,135.95,0
12970.0,4754,4,452.24,2
12974.0,4944,1,144.8,0
12976.0,4958,1,738.6,2
12977.0,4903,1,39.24,0
12981.0,4776,2,372.22,2
12984.0,4765,1,97.5,0
12988.0,5039,1,535.32,2
12990.0,4778,3,409.5,2
12991.0,4770,2,503.76,2
12993.0,4770,4,414.76,2
12999.0,4943,3,455.88,2
13000.0,4853,3,534.85,2
13002.0,5065,1,120.95,0
13003.0,4852,3,149.05,0
13006.0,4803,1,81.57,0
13011.0,5119,1,50.55,0
13015.0,4800,5,3346.28,1
13016.0,4820,3,789.89,2
13017.0,4754,1,204.0,0
13023.0,4811,2,689.9,2
13027.0,4860,6,6912.0,1
13029.0,4777,3,1247.5,1
13030.0,4758,2,799.48,2
13033.0,5104,1,190.55,0
13034.0,4801,2,642.77,2
13037.0,4885,3,881.07,1
13038.0,4827,3,908.46,1
13040.0,4755,2,676.99,2
13044.0,5038,1,560.47,2
13045.0,4846,1,305.28000000000003,2
13046.0,4777,2,629.31,2
13049.0,4811,2,656.6800000000001,2
13052.0,4959,1,348.15000000000003,2
13058.0,4771,3,271.40000000000003,2
13059.0,4996,1,183.4,0
13060.0,5000,1,307.53,2
13061.0,4819,1,248.61,0
13062.0,4938,1,346.98,2
13064.0,4759,4,1119.49,1
13065.0,5120,1,205.86,0
13067.0,4829,1,115.46,0
13068.0,4757,2,344.0,2
13070.0,4939,1,228.8,0
13072.0,5013,1,177.15,0
13075.0,4876,1,919.61,2
13077.0,4748,4,729.27,1
13079.0,4751,5,220.1,2
13080.0,4926,1,58.08,0
13083.0,4751,2,303.75,2
13095.0,4817,1,74.39999999999999,0
13099.0,4846,1,207.36,0
13101.0,4981,1,101.19,0
13103.0,4786,1,243.94,0
13104.0,4750,6,1098.48,1
13108.0,5119,1,350.06,2
13117.0,4768,8,984.91,1
13120.0,4985,1,30.6,0
13122.0,4841,2,922.39,2
13124.0,4836,3,3866.33,1
13127.0,4824,1,259.17,0
13130.0,4841,1,64.0,0
13132.0,5008,1,77.3,0
13133.0,5020,2,109.8,0
13135.0,4943,1,3096.0,1
13138.0,4769,6,962.39,1
13140.0,4855,3,423.72,2
13142.0,4766,1,307.09,2
13144.0,5079,1,110.95,0
13146.0,4773,1,228.91,0
13147.0,4757,4,712.8000000000001,1
13149.0,4761,4,1676.06,1
13153.0,4752,1,486.22,2
13155.0,4780,4,971.76,1
13158.0,4841,4,1201.06,1
13160.0,4769,1,91.8,0
13161.0,5060,1,112.75,0
13165.0,4793,2,1021.48,2
13167.0,4765,4,791.33,1
13169.0,4810,2,712.88,2
13170.0,4773,1,116.01,0
13173.0,4751,2,353.65,2
13174.0,4763,3,2817.03,1
13176.0,4793,1,492.84,2
13177.0,4811,1,282.45,0
13178.0,4773,11,5725.47,1
13182.0,4792,1,121.18,0
13183.0,4754,9,3957.78,1
13185.0,5014,1,71.4,0
13187.0,5084,1,236.02,0
13188.0,4758,1,114.6,0
13189.0,4765,2,260.68,2
13192.0,4842,2,911.94,2
13193.0,4808,1,117.88,0
13194.0,4882,1,60.7,0
13196.0,4758,4,1797.78,1
13200.0,4766,4,870.09,1
13203.0,4756,4,869.46,1
13207.0,4762,2,250.26,2
13210.0,4840,1,353.48,2
13211.0,4757,3,1197.42,1
13216.0,5014,1,333.74,2
13218.0,4874,1,62.63999999999999,0
13220.0,4825,4,819.2900000000001,1
13221.0,4987,2,847.41,2
13223.0,4947,2,163.20000000000002,0
13226.0,5020,1,108.21,0
13227.0,4948,1,257.7,0
13228.0,4828,1,358.0,2
13229.0,4972,1,160.95,0
13232.0,4759,7,1357.6,1
13233.0,4821,2,605.12,2
13240.0,4843,4,663.65,2
13242.0,4859,3,270.40000000000003,2
13243.0,4950,1,600.07,2
13244.0,4839,1,121.74,0
13245.0,4797,1,430.5,2
13247.0,4764,4,501.12,2
13248.0,4871,2,465.68,2
13249.0,4839,3,711.41,2
13253.0,4903,2,1030.4,2
13258.0,4758,3,698.58,2
13259.0,4808,1,292.32,0
13260.0,4808,1,557.62,2
13261.0,5015,2,944.1,2
13262.0,5010,1,200.29,0
13263.0,4748,35,7454.07,1
13265.0,4800,5,2107.66,1
13270.0,5113,1,590.0,2
13272.0,4778,2,276.56,2
13273.0,4860,1,138.98,0
13276.0,4810,2,590.9300000000001,2
13277.0,4762,4,258.4,2
13278.0,4787,1,542.73,2
13280.0,4869,3,814.86,2
13283.0,4806,2,93.66,0
13285.0,4770,4,2709.12,1
13291.0,4902,1,361.11,2
13292.0,4785,2,578.9399999999999,2
13294.0,4936,2,873.74,2
13296.0,4884,1,87.4,0
13297.0,4754,4,2089.85,1
13298.0,4748,1,360.0,2
13299.0,5015,1,142.5,0
13301.0,4850,4,618.09,2
13302.0,4902,1,63.75,0
13304.0,5098,1,300.42,2
13305.0,4751,10,2000.86,1
13307.0,4867,1,15.0,0
13309.0,4754,5,1456.79,1
13311.0,4751,2,598.57,2
13313.0,4769,5,1555.32,1
13318.0,4748,3,640.76,2
13321.0,4819,2,567.36,2
13322.0,4764,1,199.48,0
13323.0,4750,5,787.85,1
13325.0,4828,1,675.3,2
13328.0,5063,1,1308.48,2
13330.0,4839,3,1140.93,1
13332.0,4761,1,350.9,2
13334.0,4829,3,3536.82,1
13336.0,4824,1,795.12,2
13339.0,4947,1,860.12,2
13340.0,4792,7,10736.48,1
13341.0,5007,1,775.85,2
13344.0,4814,3,2543.72,1
13347.0,4817,1,341.36,2
13348.0,4811,1,233.76,0
13349.0,4757,1,247.32,0
13351.0,4813,1,373.94,2
13354.0,4818,1,743.53,2
13355.0,4869,1,674.7,2
13356.0,4827,1,768.24,2
13357.0,5004,1,609.95,2
13358.0,5015,1,439.03,2
13363.0,4764,2,992.5,2
13366.0,4797,1,56.16,0
13368.0,5003,2,623.4,2
13372.0,4836,1,378.64,2
13373.0,4807,3,3312.25,1
13376.0,4846,3,1019.76,1
13379.0,4773,3,572.56,2
13382.0,5027,1,222.99,0
13385.0,5076,1,534.57,2
13389.0,4758,3,797.96,2
13390.0,4821,1,544.08,2
13391.0,4950,1,59.8,0
13395.0,4932,1,307.72,2
13398.0,4939,1,457.34,2
13402.0,4874,2,621.23,2
13403.0,4764,1,75.0,0
13404.0,4748,2,252.49,2
13405.0,4821,3,572.451,2
13411.0,4854,1,213.55,0
13414.0,4880,3,1390.5,1
13416.0,4790,2,712.5,2
13417.0,4751,2,640.83,2
13419.0,4810,1,221.06,0
13425.0,4855,3,1624.21,1
13427.0,4766,3,582.6,2
13428.0,4757,1,218.47,0
13429.0,4757,4,1006.8,1
13431.0,4814,2,1269.1,1
13434.0,4821,2,534.24,2
13436.0,4748,1,196.89,0
13437.0,4761,7,3408.06,1
13439.0,5002,1,283.71,0
13441.0,4838,1,296.64,2
13449.0,4770,1,291.88,0
13450.0,4773,6,2043.72,1
13452.0,5006,2,590.0,2
13453.0,4912,2,356.98,2
13460.0,4776,2,183.44,0
13461.0,4785,3,1445.0,1
13464.0,4805,1,674.68,2
13467.0,4757,2,1083.71,2
13470.0,4846,2,165.0,0
13471.0,4748,4,2531.58,1
13474.0,4983,1,229.59,0
13475.0,4938,4,1431.78,1
13482.0,4979,1,184.64,0
13483.0,4812,1,140.34,0
13484.0,4988,1,313.8,2
13485.0,4980,1,454.24,2
13486.0,4825,3,1122.41,1
13487.0,4804,3,575.4,2
13489.0,4852,4,449.52,2
13491.0,4798,10,1215.82,1
13492.0,4883,3,1269.84,1
13493.0,5022,2,618.63,2
13494.0,5058,1,316.26000000000005,2
13502.0,4763,3,292.0,2
13503.0,4818,1,216.85,0
13504.0,4811,1,295.93,2
13507.0,4750,4,2479.16,1
13508.0,4990,1,110.97,0
13509.0,4755,7,979.72,1
13512.0,5007,1,251.21,0
13513.0,4873,1,205.1,0
13514.0,4820,1,152.20000000000002,0
13515.0,4819,4,891.12,1
13516.0,4768,3,1389.41,1
13518.0,4832,1,659.4399999999999,2
13521.0,4748,3,1093.65,1
13522.0,4777,1,125.8,0
13524.0,4787,5,680.1800000000001,1
13525.0,4761,2,628.78,2
13529.0,4825,2,307.76,2
13531.0,4952,2,483.8,2
13532.0,4780,1,210.31,0
13533.0,4929,3,270.79,2
13536.0,4748,7,3448.29,1
13538.0,4790,7,1280.85,1
13544.0,4786,2,291.41,2
13546.0,4759,3,626.99,2
13548.0,4843,2,682.41,2
13551.0,5066,1,91.8,0
13555.0,4820,4,4149.28,1
13557.0,4775,2,584.06,2
13558.0,4752,4,605.06,2
13560.0,4754,1,174.37,0
13561.0,4962,1,141.86,0
13562.0,4828,3,1799.33,1
13563.0,4831,2,777.53,2
13565.0,4766,2,240.22,2
13566.0,4787,2,874.71,2
13568.0,4920,1,192.85,0
13569.0,4764,2,373.75,2
13570.0,4990,1,239.49,0
13571.0,4759,12,2092.32,1
13572.0,4952,1,1384.25,2
13573.0,4797,2,294.4,2
13575.0,4770,5,732.0699999999999,1
13579.0,4761,2,467.04,2
13581.0,5056,1,118.0,0
13583.0,4902,1,781.03,2
13584.0,5053,1,142.4,0
13589.0,4761,2,379.65,2
13591.0,4811,3,1117.13,1
13592.0,4782,4,247.96,2
13594.0,4799,1,396.97,2
13596.0,4752,2,697.04,2
13600.0,5059,1,219.52,0
13601.0,4792,2,693.32,2
13602.0,4811,1,428.89,2
13603.0,4773,1,164.34,0
13606.0,4776,3,280.54,2
13607.0,4787,1,678.01,2
13614.0,4771,4,1610.46,1
13617.0,4787,3,544.18,2
13618.0,4920,1,177.34,0
13621.0,4863,1,213.85,0
13626.0,4999,1,257.23,0
13629.0,4770,11,7792.36,1
13634.0,4780,5,1575.16,1
13635.0,4814,1,1071.03,2
13637.0,4799,3,810.5,2
13638.0,4762,1,122.64,0
13639.0,4821,1,1033.34,2
13642.0,4962,1,354.8,2
13643.0,4778,3,519.44,2
13645.0,4867,1,252.1,0
13649.0,5003,2,346.6,2
13651.0,4782,2,94.2,0
13652.0,4792,3,1095.08,1
13654.0,4790,6,2707.33,1
13655.0,4861,2,932.97,2
13656.0,4911,2,379.65,2
13657.0,4757,2,382.14,2
13663.0,4926,1,189.47,0
13666.0,4807,3,84.65,0
13667.0,4896,1,305.02,2
13669.0,4797,2,218.55,0
13670.0,4822,1,349.7,2
13673.0,4765,2,396.92,2
13675.0,4898,2,486.8200000000001,2
13678.0,4898,1,232.6,0
13681.0,4764,4,827.83,1
13682.0,4934,1,59.5,0
13685.0,4749,7,3119.44,1
13686.0,4929,1,72.0,0
13689.0,4810,1,910.0,2
13690.0,4806,1,172.25,0
13695.0,4778,15,2504.13,1
13697.0,4785,1,151.29999999999998,0
13699.0,4902,1,308.58000000000004,2
13700.0,4773,10,2265.12,1
13703.0,5065,1,99.5,0
13705.0,4754,3,711.86,2
13706.0,5049,1,330.79,2
13707.0,5014,2,806.41,2
13708.0,5018,1,296.88,2
13710.0,4778,1,180.48,0
13711.0,4965,2,252.06,2
13712.0,4993,1,228.84,0
13716.0,5016,1,138.28,0
13718.0,4993,2,306.55,2
13719.0,4762,5,1041.68,1
13720.0,4863,4,799.9,1
13721.0,4783,1,524.14,2
13723.0,4964,1,199.85,0
13726.0,4785,2,1079.66,2
13727.0,4775,2,333.48,2
13728.0,4783,6,1016.14,1
13730.0,4882,2,752.6,2
13731.0,4966,2,610.59,2
13732.0,4775,1,491.86,2
13737.0,4947,1,339.6,2
13739.0,4765,1,216.9,0
13740.0,4987,1,350.75,2
13744.0,4842,2,1156.36,2
13747.0,5120,1,79.6,0
13748.0,4842,5,948.25,1
13750.0,4800,5,1647.26,1
13751.0,5035,1,296.25,2
13752.0,4871,6,1186.28,1
13753.0,5034,1,741.26,2
13754.0,4898,2,282.6,2
13758.0,4758,7,3190.55,1
13759.0,4780,2,659.4100000000001,2
13760.0,4801,2,286.79,2
13761.0,4797,2,1070.65,2
13764.0,4817,3,1521.76,1
13772.0,4780,3,1132.13,1
13774.0,4828,1,345.0,2
13778.0,4850,1,178.7,0
13780.0,4754,2,360.01,2
13781.0,4997,1,127.84,0
13782.0,4759,6,912.0,1
13784.0,4756,11,2462.79,1
13786.0,5114,1,230.4,0
13787.0,4822,2,309.04,2
13790.0,4751,1,348.8,2
13792.0,4813,2,195.55,0
13799.0,4863,2,688.86,2
13800.0,5056,1,558.32,2
13801.0,4813,1,324.8,2
13803.0,5002,1,277.07,0
13804.0,4777,7,2635.79,1
13805.0,4799,2,924.6,2
13806.0,4810,1,256.38,0
13807.0,5114,1,112.6,0
13808.0,4752,5,1747.66,1
13809.0,5052,1,155.05,0
13812.0,4789,3,539.0,2
13817.0,4776,2,382.98,2
13819.0,5048,3,1140.35,1
13821.0,4891,2,385.64,2
13822.0,4752,2,632.0,2
13823.0,4765,2,957.66,2
13824.0,4779,5,1698.94,1
13827.0,4804,3,412.05,2
13828.0,4769,1,209.49,0
13831.0,4763,6,2202.99,1
13833.0,4906,1,384.8,2
13835.0,4772,4,834.57,1
13837.0,4958,2,271.24,2
13838.0,4752,4,691.73,1
13841.0,4999,1,85.0,0
13842.0,4805,9,3385.62,1
13844.0,4758,1,361.62,2
13845.0,4811,1,312.98,2
13848.0,4839,3,1255.0,1
13849.0,4798,2,1537.95,1
13851.0,4842,3,2651.46,1
13858.0,4804,1,216.17,0
13859.0,5073,1,201.16,0
13865.0,4805,4,501.56,2
13866.0,4821,1,145.67000000000002,0
13867.0,4778,3,1015.29,1
13868.0,4754,2,3192.54,1
13869.0,4870,4,3104.95,1
13874.0,5105,1,540.45,2
13875.0,4800,5,1786.79,1
13876.0,4810,1,122.7,0
13877.0,4833,1,117.24,0
13878.0,4801,1,1281.53,2
13880.0,4768,13,3219.77,1
13885.0,4936,2,506.8,2
13886.0,4818,1,243.56,0
13887.0,4951,1,349.55,2
13888.0,4866,2,605.63,2
13889.0,4839,1,416.9,2
13892.0,4773,4,632.97,2
13893.0,5044,1,821.1,2
13897.0,4797,1,311.16,2
13898.0,5072,1,155.93,0
13899.0,4763,2,388.52,2
13900.0,4930,3,740.95,2
13901.0,4819,5,2867.2,1
13904.0,4784,2,332.64,2
13911.0,4804,9,2580.91,1
13917.0,4796,2,272.04,2
13918.0,4796,2,1212.84,1
13922.0,5098,1,172.25,0
13923.0,4800,1,351.13,2
13926.0,4770,1,223.85,0
13927.0,4821,1,348.99,2
13928.0,4757,4,464.57,2
13930.0,4804,2,337.34,2
13932.0,5041,1,307.4,2
13933.0,4856,2,608.7900000000001,2
13934.0,5010,1,922.1,2
13937.0,4916,1,158.85,0
13938.0,4782,1,71.66,0
13940.0,4764,4,839.14,1
13946.0,4826,3,561.5699999999999,2
13947.0,4812,1,90.6,0
13948.0,5107,1,102.0,0
13949.0,4749,6,2427.32,1
13951.0,4923,3,674.45,2
13953.0,4754,7,3515.68,1
13955.0,4901,2,322.96,2
13956.0,4752,5,1026.42,1
13959.0,4826,3,598.2,2
13960.0,4768,2,230.22,0
13962.0,4768,2,169.55,0
13963.0,5055,4,664.54,2
13967.0,4892,1,80.7,0
13972.0,4817,2,190.25,0
13973.0,5034,1,264.7,0
13974.0,4796,1,413.59,2
13976.0,4953,1,357.98,2
13978.0,4761,2,196.79,0
13979.0,4820,1,869.87,2
13980.0,4807,1,200.14,0
13986.0,4764,1,320.46,2
13989.0,4812,2,1266.08,1
13990.0,4960,1,311.3,2
13992.0,4777,1,76.8,0
13994.0,4750,6,2313.14,1
14002.0,4881,2,529.73,2
14004.0,4790,7,4582.64,1
14005.0,4756,5,2874.72,1
14006.0,4862,3,962.19,1
14012.0,5024,1,328.8,2
14013.0,4857,3,473.02,2
14014.0,4824,1,505.18,2
14015.0,4799,1,917.34,2
14020.0,4763,2,642.8,2
14021.0,4902,3,631.9,2
14022.0,4972,1,440.0,2
14023.0,4754,2,584.07,2
14024.0,4868,2,327.7,2
14027.0,4807,1,104.82,0
14029.0,4810,2,467.66,2
14030.0,4765,8,2360.09,1
14035.0,4775,5,1428.02,1
14036.0,5031,1,626.65,2
14037.0,4923,2,147.20000000000002,0
14039.0,4780,1,152.2,0
14041.0,5013,1,141.41,0
14044.0,4773,4,652.82,2
14045.0,4856,4,1659.75,1
14046.0,5031,1,154.99,0
14050.0,4778,2,746.36,2
14052.0,4766,1,225.36,0
14053.0,4871,2,260.25,2
14054.0,4812,1,92.46,0
14055.0,4853,1,725.6400000000001,2
14059.0,5013,1,183.6,0
14062.0,4756,12,10464.85,1
14066.0,5013,1,152.55,0
14067.0,4810,2,374.7,2
14068.0,5067,1,265.85,0
14075.0,4751,3,942.26,1
14076.0,4876,1,122.47,0
14077.0,4787,5,499.42,2
14078.0,4848,6,1049.37,1
14079.0,4871,1,375.1,2
14080.0,4779,1,45.6,0
14082.0,5111,1,182.25,0
14083.0,4751,9,1018.43,1
14089.0,4803,1,161.0,0
14090.0,5071,1,76.32000000000001,0
14093.0,4759,1,442.85,2
14098.0,4783,1,147.35,0
14100.0,4884,1,194.9,0
14101.0,4820,6,5976.79,1
14104.0,4901,2,216.21,0
14114.0,5020,2,386.53,2
14116.0,4766,5,1382.74,1
14117.0,4890,1,90.0,0
14124.0,4831,1,419.58,2
14125.0,4757,3,2740.43,1
14127.0,4869,3,709.71,2
14128.0,4807,2,637.5,2
14129.0,4748,5,1123.86,1
14130.0,5066,1,483.86,2
14135.0,4748,15,4690.31,1
14138.0,4748,2,982.38,2
14139.0,4793,1,415.82,2
14142.0,5120,1,311.81,2
14143.0,4880,1,115.8,0
14148.0,4980,1,157.2,0
14150.0,4782,2,658.64,2
14154.0,4986,2,1345.62,1
14155.0,5013,1,118.75,0
14158.0,4787,1,507.66,2
14161.0,4962,3,1110.52,1
14162.0,4920,2,289.36,2
14163.0,4834,4,2445.91,1
14164.0,4817,2,1631.77,1
14165.0,5022,1,122.54,0
14167.0,4786,4,574.84,2
14171.0,4845,1,363.79,2
14173.0,4757,4,450.84,2
14174.0,4780,1,134.46,0
14178.0,4755,7,1620.93,1
14179.0,4787,2,719.78,2
14184.0,4813,1,452.89,2
14185.0,5078,1,197.65,0
14193.0,4814,2,853.39,2
14196.0,4853,1,335.52,2
14199.0,4965,1,185.4,0
14204.0,4749,1,161.03,0
14208.0,4841,1,151.74,0
14212.0,4836,1,1070.48,2
14216.0,4750,4,1839.3,1
14218.0,4789,1,169.48000000000002,0
14219.0,4751,1,89.94,0
14220.0,4994,2,632.4,2
14222.0,4924,1,683.17,2
14224.0,4857,4,1050.12,1
14234.0,4769,4,775.46,1
14236.0,4827,2,490.86,2
14237.0,5120,1,161.0,0
14238.0,5073,1,146.85,0
14240.0,4777,2,890.34,2
14241.0,4930,1,213.7,0
14242.0,4981,2,280.55,2
14246.0,4857,3,1474.06,1
14247.0,5025,1,136.76999999999998,0
14248.0,5065,1,302.58,2
14250.0,4754,3,1904.05,1
14251.0,4748,5,2879.7000000000003,1
14259.0,4888,1,120.0,0
14261.0,4797,2,1163.45,2
14262.0,4755,8,2618.23,1
14265.0,4856,2,530.18,2
14270.0,5078,1,492.65,2
14271.0,4972,1,112.32,0
14272.0,4820,2,437.96,2
14273.0,4798,4,559.97,2
14280.0,4943,1,134.04,0
14282.0,4750,15,3729.34,1
14285.0,4768,4,1910.01,1
14289.0,4755,6,911.26,1
14293.0,4750,4,1046.56,1
14300.0,4765,1,43.2,0
14307.0,4835,6,2995.72,1
14312.0,4793,6,1611.59,1
14314.0,4853,1,120.0,0
14317.0,4811,1,508.58,2
14321.0,4757,5,1530.75,1
14327.0,4910,1,311.65,2
14331.0,4871,2,462.66,2
14332.0,4769,3,866.31,1
14335.0,4763,2,468.26,2
14336.0,4763,4,1614.91,1
14340.0,4965,1,134.7,0
14344.0,4874,8,889.9300000000001,1
14345.0,4785,1,108.98,0
14346.0,4867,2,1021.58,2
14348.0,5007,1,409.57,2
14349.0,4757,1,133.5,0
14351.0,4911,1,51.0,0
14352.0,4904,4,1078.96,1
14353.0,4962,1,90.6,0
14354.0,4752,2,163.62,0
14355.0,5112,1,174.4,0
14357.0,4790,1,225.77,0
14360.0,4778,4,2128.23,1
14362.0,4769,1,161.2,0
14364.0,4855,8,3717.35,1
14368.0,5066,1,155.0,0
14371.0,5042,1,100.5,0
14373.0,5105,1,76.55,0
14375.0,4932,1,257.68,0
14377.0,4938,2,617.05,2
14379.0,4791,2,348.1,2
14381.0,4799,1,202.68,0
14382.0,4773,1,626.0699999999999,2
14383.0,4785,3,1247.69,1
14385.0,4756,3,202.11,0
14386.0,5043,1,142.4,0
14387.0,4779,3,1770.56,1
14393.0,4965,1,67.95,0
14396.0,4812,2,487.99,2
14406.0,4866,1,156.75,0
14408.0,4757,7,2606.53,1
14411.0,5057,1,1063.0,2
14413.0,5109,1,122.7,0
14416.0,4769,2,490.22,2
14418.0,4750,3,1937.25,1
14419.0,4757,6,1058.06,1
14421.0,4804,2,813.11,2
14422.0,4747,6,4263.64,1
14423.0,4965,1,265.2,0
14424.0,4764,1,322.08,2
14427.0,4797,2,363.34,2
14432.0,4756,6,2255.51,1
14434.0,4768,6,1372.8,1
14436.0,4845,1,89.06,0
14438.0,5053,1,131.9,0
14439.0,5066,1,2661.24,1
14440.0,4755,5,2357.6800000000003,1
14446.0,4747,4,1039.58,1
14447.0,4765,5,1163.23,1
14448.0,4756,2,375.35,2
14449.0,4765,4,907.1,1
14450.0,4927,3,483.25,2
14451.0,4807,2,662.59,2
14452.0,4757,2,264.44,2
14453.0,4937,1,119.93,0
14457.0,5057,1,113.64,0
14459.0,4902,1,1837.92,2
14461.0,4895,3,2103.06,1
14463.0,4845,3,529.62,2
14465.0,4993,3,1058.62,1
14466.0,4776,7,2272.4,1
14467.0,4764,4,598.76,2
14470.0,4758,2,461.19,2
14472.0,4850,8,1936.84,1
14473.0,4821,2,234.34000000000003,0
14476.0,5004,1,215.7,0
14479.0,5000,2,316.25,2
14480.0,4758,1,279.05,0
14481.0,4911,2,636.51,2
14482.0,4765,6,2068.15,1
14484.0,4797,1,321.92,2
14485.0,4785,1,165.75,0
14489.0,4954,1,463.38,2
14491.0,4922,2,340.93,2
14494.0,4772,1,139.56,0
14495.0,4797,2,123.8,0
14496.0,5058,2,538.8100000000001,2
14498.0,4789,5,1957.32,1
14499.0,4773,3,815.32,2
14500.0,4835,3,356.85,2
14503.0,4750,6,3543.26,1
14504.0,4794,4,673.26,1
14506.0,4764,5,2012.17,1
14508.0,4769,2,276.42,2
14512.0,4934,2,275.28,2
14514.0,4808,3,1055.35,1
14515.0,4764,6,2102.09,1
14517.0,4780,2,330.45,2
14518.0,4811,1,174.37,0
14520.0,4748,2,270.6,2
14522.0,4771,4,974.54,1
14523.0,4855,1,241.09,0
14524.0,4778,9,1867.68,1
14528.0,4784,1,364.22,2
14529.0,4807,3,620.04,2
14530.0,4772,6,2925.91,1
14532.0,4983,4,932.85,1
14536.0,5006,1,171.8,0
14537.0,4804,1,355.56,2
14538.0,4811,2,388.25,2
14539.0,4762,2,537.48,2
14540.0,4756,3,996.26,1
14541.0,4805,8,1461.65,1
14542.0,4932,1,103.25,0
14544.0,4771,2,2024.45,1
14548.0,4897,2,652.8,2
14549.0,5058,1,289.24,0
14550.0,4757,2,765.62,2
14551.0,4765,2,186.23,0
14552.0,4898,1,165.07,0
14553.0,4766,5,859.27,1
14554.0,4757,4,2381.04,1
14555.0,4804,2,324.14,2
14561.0,4822,3,1080.76,1
14566.0,4857,1,1432.0,2
14569.0,4748,1,227.39,0
14570.0,5027,2,218.06,0
14576.0,5119,1,35.400000000000006,0
14577.0,4759,4,859.71,1
14578.0,4750,1,168.63,0
14581.0,4763,1,138.6,0
14582.0,4787,1,114.11,0
14583.0,4752,5,1052.55,1
14585.0,4797,1,157.05,0
14589.0,5118,1,39.75,0
14591.0,4762,4,1447.14,1
14592.0,4782,3,570.46,2
14593.0,4768,3,617.99,2
14594.0,4754,2,379.83,2
14595.0,4766,6,1740.6,1
14597.0,4758,2,883.15,2
14598.0,4791,1,221.97,0
14600.0,5052,1,393.33,2
14601.0,4757,1,213.96,0
14603.0,5021,1,660.0,2
14608.0,4751,4,1785.15,1
14609.0,4819,4,601.56,2
14616.0,4989,3,406.08,2
14622.0,4931,1,320.58000000000004,2
14624.0,4804,2,225.85,0
14628.0,4838,2,671.96,2
14631.0,4797,3,1006.98,1
14632.0,5009,1,114.56,0
14633.0,5013,1,344.90000000000003,2
14636.0,4783,2,609.85,2
14638.0,4797,1,443.6,2
14641.0,4768,1,110.46,0
14642.0,4805,1,96.12,0
14645.0,4903,2,597.09,2
14647.0,4948,1,243.22,0
14649.0,4751,4,1417.29,1
14651.0,4814,2,654.6,2
14652.0,4824,1,114.18,0
14653.0,4748,7,1947.55,1
14656.0,4916,2,291.05,2
14658.0,4752,2,247.15,2
14660.0,4833,2,285.74,2
14661.0,4773,1,107.95,0
14662.0,4775,4,771.17,1
14664.0,4766,2,637.89,2
14666.0,4771,1,195.25,0
14669.0,4988,3,1269.99,1
14670.0,5027,2,411.53,2
14672.0,4981,2,765.55,2
14673.0,4750,5,1736.4,1
14675.0,4763,1,604.75,2
14681.0,4818,3,498.95,2
14682.0,4934,2,52.0,0
14684.0,4772,5,1236.28,1
14687.0,4853,1,628.38,2
14689.0,4955,1,112.8,0
14691.0,4777,5,2114.33,1
14693.0,5011,1,172.9,0
14697.0,4965,2,188.61,0
14698.0,4748,5,1250.76,1
14699.0,4961,1,109.13,0
14700.0,4779,3,2235.3,1
14703.0,4761,1,318.17,2
14704.0,4758,9,1546.91,1
14705.0,4945,1,179.0,0
14710.0,4761,4,606.13,2
14712.0,4776,3,917.07,1
14714.0,4771,1,160.19,0
14715.0,4771,4,867.38,1
14716.0,4790,2,329.68,2
14720.0,4752,3,663.81,2
14722.0,4894,1,187.92,0
14723.0,4757,6,1158.3,1
14725.0,4771,1,718.08,2
14727.0,5021,1,268.58,0
14729.0,5120,1,313.49,2
14730.0,4748,8,2005.06,1
14731.0,4794,3,380.02,2
14737.0,4750,3,1164.55,1
14741.0,4758,6,1400.34,1
14752.0,4790,1,389.64,2
14753.0,4834,1,563.15,2
14754.0,4791,2,638.05,2
14756.0,4762,1,738.96,2
14757.0,4822,1,420.5,2
14758.0,4891,4,1484.06,1
14759.0,4751,3,1625.97,1
14761.0,4805,2,255.9,2
14762.0,5010,1,300.52,2
14765.0,4776,3,254.11,2
14770.0,4979,2,876.42,2
14772.0,4859,1,139.26,0
14775.0,4805,3,1011.9,1
14778.0,4874,2,730.86,2
14779.0,5027,3,386.15,2
14780.0,4801,2,447.68,2
14782.0,5066,1,200.1,0
14784.0,4773,2,289.99,2
14785.0,4757,2,77.4,0
14788.0,4754,2,679.4399999999999,2
14789.0,4775,1,197.64,0
14790.0,4763,4,745.06,1
14795.0,4913,1,131.45000000000002,0
14798.0,4799,3,173.74,0
14799.0,4798,1,157.7,0
14801.0,4808,1,193.14,0
14803.0,4909,3,845.55,2
14804.0,4755,1,353.27,2
14805.0,4762,4,554.65,2
14806.0,4822,1,193.39,0
14810.0,4787,11,2087.88,1
14813.0,5116,2,155.43,0
14815.0,4783,2,778.5,2
14816.0,4944,1,271.85,0
14817.0,4947,2,1110.34,2
14818.0,4820,3,657.8,2
14819.0,4811,2,272.07,2
14820.0,4768,4,507.29,2
14821.0,5113,1,48.8,0
14823.0,4927,3,321.43,2
14824.0,4757,4,1127.71,1
14825.0,4750,12,2226.91,1
14828.0,4943,3,2139.76,1
14830.0,4800,1,197.13,0
14836.0,4757,3,102.45,0
14840.0,5014,1,62.85,0
14841.0,4800,6,3295.76,1
14844.0,4810,4,3189.81,1
14847.0,4895,1,309.4,2
14851.0,4770,2,511.35,2
14852.0,4805,6,2836.69,1
14855.0,4866,2,645.65,2
14856.0,4783,3,1311.38,1
14861.0,4799,1,125.79,0
14862.0,4772,2,841.1999999999999,2
14863.0,4776,1,266.76,0
14865.0,4754,2,52.2,0
14870.0,5008,1,327.25,2
14871.0,4750,4,522.38,2
14873.0,4957,1,519.68,2
14878.0,4759,9,1485.54,1
14880.0,4824,3,706.19,2
14881.0,4766,1,255.4,0
14882.0,4773,2,589.7,2
14885.0,4878,1,765.3199999999999,2
14886.0,4999,1,364.8,2
14887.0,4826,1,1862.0,2
14888.0,4954,1,369.2,2
14889.0,5083,1,135.9,0
14890.0,5000,1,125.65,0
14891.0,4895,2,554.38,2
14893.0,4756,2,1237.85,1
14894.0,4832,1,655.75,2
14896.0,4951,2,468.77,2
14897.0,4754,4,1366.38,1
14904.0,4749,2,1025.44,2
14908.0,4821,1,277.8,0
14913.0,4782,4,1227.43,1
14918.0,4862,2,1610.15,1
14920.0,4959,2,977.77,2
14921.0,4777,2,1316.07,1
14923.0,4797,1,749.1,2
14924.0,4992,1,310.05,2
14929.0,4779,1,223.88,0
14930.0,4855,3,2372.86,1
14932.0,5112,1,363.53,2
14935.0,5044,1,1784.71,2
14946.0,4761,1,100.9,0
14947.0,4819,2,290.82,2
14951.0,4826,1,311.69,2
14953.0,4772,1,289.82,0
14954.0,4759,1,336.17,2
14957.0,5000,1,58.49,0
14958.0,4894,3,499.68,2
14960.0,4755,2,221.27,0
14962.0,5017,1,126.7,0
14963.0,4756,5,1487.8,1
14964.0,4994,1,206.21,0
14965.0,4843,2,599.0,2
14966.0,4761,1,191.32,0
14967.0,4796,1,463.8,2
14968.0,4777,1,147.59,0
14970.0,4815,4,1592.06,1
14971.0,4782,3,1116.57,1
14972.0,4875,1,114.77,0
14973.0,4854,3,1314.45,1
14974.0,4784,1,114.39,0
14975.0,4804,1,279.94,0
14978.0,4819,5,1931.42,1
14981.0,4993,1,102.12,0
14984.0,4766,2,213.27,0
14985.0,4945,2,296.75,2
14987.0,4762,2,326.4,2
14988.0,4958,1,334.54,2
14995.0,4785,2,233.23,0
14998.0,4917,2,429.87,2
15000.0,4794,1,490.52,2
15002.0,4862,4,1641.76,1
15004.0,4894,1,1246.32,2
15006.0,4798,1,502.09,2
15007.0,4906,1,156.91,0
15009.0,4759,3,1261.78,1
15010.0,4782,1,308.94,2
15012.0,4800,2,423.04,2
15014.0,4790,2,260.17,2
15016.0,4919,1,170.04,0
15017.0,4780,1,125.58,0
15019.0,5013,1,266.0,0
15022.0,4758,4,905.04,1
15024.0,4756,10,1661.33,1
15025.0,4780,1,377.01,2
15026.0,4827,3,469.0,2
15028.0,4755,4,627.13,2
15030.0,4818,2,518.28,2
15031.0,4751,4,668.14,2
15035.0,4836,1,252.73,0
15036.0,4819,3,465.55,2
15041.0,4917,1,180.35,0
15042.0,4946,1,135.93,0
15043.0,4778,1,537.0,2
15047.0,5016,1,343.62,2
15049.0,5020,1,121.17000000000002,0
15051.0,4770,3,1391.61,1
15052.0,5066,1,215.78,0
15053.0,4751,3,697.79,2
15054.0,4759,2,302.1,2
15057.0,5022,2,1489.5,1
15058.0,4772,11,2124.99,1
15060.0,4755,4,303.09,2
15062.0,4818,4,987.86,1
15063.0,4960,1,370.8,2
15067.0,4825,3,1744.76,1
15068.0,4793,2,553.36,2
15069.0,4926,1,1109.53,2
15070.0,5119,1,106.2,0
15071.0,4840,2,982.07,2
15074.0,4852,1,748.87,2
15075.0,4824,1,773.03,2
15076.0,4919,1,880.85,2
15083.0,5003,1,88.2,0
15087.0,5028,1,306.94,2
15089.0,4757,6,2420.84,1
15090.0,5055,1,381.32,2
15092.0,4962,2,457.81,2
15096.0,4789,1,219.39,0
15097.0,4751,1,248.08,0
15099.0,4831,1,410.48,2
15103.0,4778,2,703.36,2
15105.0,4765,7,2298.93,1
15111.0,4776,3,1567.48,1
15114.0,4777,10,2760.56,1
15115.0,4765,1,340.11,2
15116.0,4764,4,1352.75,1
15118.0,4881,1,244.8,0
15119.0,4992,1,266.4,0
15121.0,4797,2,457.72,2
15123.0,4754,2,2199.31,1
15124.0,4769,2,184.19,0
15127.0,4812,1,406.53,2
15129.0,4797,11,3447.4,1
15130.0,4916,1,330.11,2
15132.0,4765,5,977.93,1
15133.0,4874,3,982.42,1
15134.0,4761,8,1387.99,1
15139.0,4986,2,178.96,0
15142.0,4793,1,498.74,2
15143.0,4972,1,259.45,0
15145.0,4751,4,1194.73,1
15148.0,4757,1,301.29,2
15149.0,4880,1,520.8000000000001,2
15153.0,4778,1,329.25,2
15156.0,4748,3,961.49,1
15158.0,4792,1,401.4,2
15160.0,5104,1,158.16,0
15163.0,4765,2,304.47,2
15164.0,4815,3,843.05,2
15165.0,5120,1,487.75,2
15167.0,5067,1,163.0,0
15168.0,4772,1,106.56,0
15172.0,4755,5,1624.05,1
15174.0,5069,1,135.75,0
15175.0,4818,1,224.14,0
15178.0,5007,1,40.5,0
15180.0,5114,1,87.5,0
15182.0,4901,2,622.85,2
15184.0,4776,2,406.76,2
15185.0,4817,1,310.62,2
15186.0,4761,2,411.41,2
15192.0,4866,3,1044.32,1
15193.0,4807,1,499.32,2
15195.0,4749,1,3861.0,1
15198.0,4839,2,193.64,0
15199.0,4806,4,1268.7,1
15203.0,4772,6,1827.8,1
15204.0,5104,1,316.58,2
15206.0,4757,4,420.3,2
15210.0,4972,1,331.18,2
15211.0,4807,2,894.4100000000001,2
15214.0,4748,8,1661.44,1
15216.0,4834,1,96.6,0
15218.0,4757,11,5756.89,1
15219.0,4923,1,305.75,2
15222.0,5065,1,585.0,2
15225.0,4981,1,409.4,2
15226.0,5057,1,154.41,0
15227.0,4783,5,1219.4,1
15230.0,4986,2,429.6,2
15232.0,4860,2,612.06,2
15234.0,5023,1,197.0,0
15235.0,4964,12,2247.51,1
15236.0,5045,1,321.05,2
15237.0,4748,4,1412.32,1
15243.0,4821,1,316.68,2
15244.0,4812,2,631.57,2
15245.0,4881,3,2515.84,1
15246.0,4985,2,514.15,2
15247.0,4869,1,356.0,2
15252.0,4783,2,740.78,2
15254.0,4874,1,300.36,2
15255.0,4813,1,890.85,2
15256.0,4895,1,98.45,0
15258.0,4915,2,623.16,2
15261.0,4882,1,254.82,0
15262.0,5070,1,178.95000000000002,0
15263.0,4853,1,156.51,0
15264.0,4811,1,393.74,2
15265.0,4898,2,1506.12,1
15266.0,5085,1,119.3,0
15267.0,4769,5,1717.36,1
15269.0,4770,1,408.8,2
15272.0,4804,2,721.94,2
15274.0,4751,2,716.57,2
15276.0,4813,1,135.31,0
15277.0,4793,1,255.9,0
15280.0,4919,1,113.12,0
15286.0,4796,1,240.55,0
15288.0,4790,5,2306.52,1
15292.0,4948,1,180.94,0
15300.0,4811,1,496.44,2
15303.0,5037,1,574.02,2
15306.0,4811,3,1174.35,1
15307.0,4842,1,205.3,0
15313.0,4857,1,52.0,0
15314.0,4946,1,327.97,2
15316.0,5073,1,165.0,0
15318.0,4750,1,312.62,2
15319.0,5030,1,204.5,0
15320.0,4791,1,267.13,0
15325.0,4850,1,162.29,0
15326.0,5080,1,311.71,2
15327.0,4799,1,208.75,0
15330.0,4779,2,714.96,2
15332.0,5113,4,1661.06,1
15333.0,4955,1,1028.56,2
15334.0,4903,3,351.67,2
15335.0,4800,1,173.97,0
15341.0,4827,1,2020.52,2
15343.0,4834,1,364.5,2
15346.0,5079,1,252.42,0
15347.0,5113,1,201.6,0
15348.0,4819,1,158.04,0
15349.0,4905,2,473.81,2
15350.0,5120,1,115.65,0
15353.0,5001,2,777.02,2
15355.0,4776,2,277.05,2
15356.0,4778,10,2766.5,1
15360.0,4786,1,427.93,2
15361.0,5108,1,418.92,2
15364.0,4842,2,913.19,2
15366.0,4822,2,602.51,2
15368.0,4768,1,446.94000000000005,2
15372.0,4884,1,2007.4,2
15374.0,4875,1,168.0,0
15376.0,4787,3,1233.36,1
15381.0,4960,2,596.85,2
15385.0,4787,1,316.88,2
15386.0,4933,1,394.14,2
15388.0,5017,1,140.54,0
15389.0,4919,1,500.0,2
15393.0,4763,2,231.86,0
15394.0,4756,4,2183.54,1
15395.0,5072,1,107.45,0
15396.0,4859,1,288.18,0
15397.0,5036,1,94.0,0
15399.0,4748,3,815.77,2
15402.0,4895,2,626.77,2
15405.0,4936,1,349.1,2
15407.0,4780,4,1056.44,1
15408.0,5011,1,267.18,0
15410.0,4831,8,3450.84,1
15412.0,4918,1,190.53,0
15414.0,4756,3,774.9000000000001,2
15415.0,5060,1,572.8100000000001,2
15417.0,4832,1,508.8,2
15419.0,4771,1,135.86,0
15421.0,4805,4,950.36,1
15422.0,5070,2,97.7,0
15423.0,4785,1,43.5,0
15424.0,5001,2,383.34,2
15427.0,4780,3,1483.14,1
15428.0,4762,1,93.78,0
15432.0,4770,1,171.19,0
15435.0,4769,1,149.29,0
15436.0,4759,3,1122.53,1
15437.0,5009,1,200.16,0
15438.0,4878,1,156.57999999999998,0
15440.0,4801,3,383.68,2
15442.0,4995,1,594.0,2
15444.0,4756,2,1418.26,1
15445.0,5011,1,113.5,0
15447.0,5077,1,155.17,0
15448.0,5059,1,494.64,2
15450.0,4777,1,429.84,2
15452.0,4776,3,538.73,2
15453.0,4748,7,1388.37,1
15454.0,5109,1,179.1,0
15456.0,5030,3,447.22,2
15457.0,5009,1,237.07,0
15458.0,4772,1,161.64,0
15460.0,5101,1,216.76,0
15462.0,4841,3,234.6,2
15463.0,4776,1,126.14,0
15464.0,5085,1,1048.85,2
15466.0,4832,1,334.53,2
15471.0,4749,1,469.48,2
15472.0,4860,1,371.56,2
15475.0,4824,1,454.11,2
15478.0,4787,2,1441.42,1
15480.0,4863,1,905.5,2
15483.0,4908,4,233.81,2
15485.0,4777,3,2575.0,1
15488.0,4839,1,91.32,0
15492.0,4775,2,659.4599999999999,2
15494.0,4768,2,1299.23,1
15500.0,4755,4,1131.56,1
15503.0,5109,1,147.09,0
15504.0,4828,1,52.83,0
15506.0,4769,3,979.26,1
15507.0,4918,1,492.36,2
15508.0,4936,6,1000.27,1
15510.0,5077,1,250.0,0
15511.0,4758,5,909.23,1
15512.0,4902,2,121.0,0
15516.0,4791,3,62.43,0
15517.0,4980,1,267.03,0
15520.0,4748,1,343.5,2
15522.0,4779,2,398.84,2
15523.0,4831,1,412.0100000000001,2
15524.0,4771,1,440.0,2
15526.0,4780,2,148.44,0
15528.0,5001,1,229.33,0
15530.0,4768,4,1502.35,1
15531.0,4755,2,2007.44,1
15537.0,4910,1,110.92,0
15539.0,4754,1,538.46,2
15540.0,4758,1,213.3,0
15541.0,4861,1,85.13000000000001,0
15543.0,5035,1,127.86,0
15545.0,4801,2,292.72,2
15547.0,4754,14,4954.84,1
15550.0,4751,4,575.63,2
15551.0,4783,1,436.06,2
15552.0,4964,1,90.12,0
15553.0,4807,1,437.23,2
15554.0,5024,1,217.2,0
15556.0,4771,1,279.77,0
15557.0,4775,1,473.65,2
15562.0,5098,1,134.55,0
15565.0,4797,2,173.16,0
15567.0,4765,1,186.01,0
15568.0,4749,3,758.29,2
15569.0,4850,5,1375.71,1
15571.0,4758,4,650.4300000000001,2
15572.0,4751,7,2552.86,1
15573.0,4778,2,607.45,2
15574.0,4924,4,702.25,1
15576.0,4784,1,940.67,2
15577.0,4898,3,258.88,2
15578.0,4909,1,127.1,0
15579.0,4815,2,348.6,2
15582.0,4771,3,682.9100000000001,2
15585.0,4923,1,455.3,2
15587.0,4797,4,913.68,1
15592.0,4793,1,388.58,2
15593.0,4817,1,199.8,0
15599.0,4773,2,761.74,2
15603.0,4825,1,48.48,0
15604.0,4799,1,216.39,0
15605.0,4783,5,1198.23,1
15607.0,5083,1,104.76,0
15608.0,4775,4,1093.68,1
15610.0,4798,1,112.46,0
15612.0,4783,2,195.15,0
15619.0,4757,1,336.40000000000003,2
15623.0,4888,1,301.03,2
15624.0,4863,4,588.13,2
15626.0,4821,2,675.8,2
15634.0,4764,1,243.55,0
15636.0,4836,2,724.76,2
15637.0,4799,1,223.36,0
15639.0,4881,1,425.32,2
15641.0,4852,4,1887.2,1
15644.0,4913,4,813.0,1
15645.0,4765,1,612.01,2
15649.0,5083,2,816.0,2
15651.0,4783,3,646.3,2
15652.0,4838,1,337.74,2
15653.0,4839,2,877.4399999999999,2
15654.0,4756,2,922.53,2
15656.0,4792,4,748.5,1
15657.0,4769,1,30.0,0
15659.0,4790,1,306.45,2
15661.0,5064,2,309.8,2
15663.0,4853,1,138.14,0
15665.0,4915,2,2242.01,1
15667.0,4786,1,301.32,2
15668.0,4964,1,76.32000000000001,0
15670.0,5043,1,173.05,0
15673.0,4835,4,2881.02,1
15675.0,4828,3,323.69,2
15677.0,4796,1,657.23,2
15678.0,4799,1,352.7,2
15679.0,4771,4,781.28,1
15680.0,4756,3,1333.68,1
15683.0,4864,1,193.75,0
15689.0,4866,2,254.1,2
15690.0,4751,2,239.76,2
15691.0,4999,1,136.8,0
15692.0,4775,1,191.04,0
15695.0,5013,2,409.98,2
15699.0,4764,1,309.65,2
15701.0,4749,4,1542.14,1
15703.0,5011,1,211.5,0
15704.0,4887,4,2293.62,1
15705.0,4948,1,143.1,0
15707.0,4782,4,945.58,1
15709.0,5030,1,133.25,0
15712.0,4756,5,1072.36,1
15714.0,4758,2,330.88,2
15716.0,4892,4,1118.81,1
15717.0,4981,1,150.3,0
15720.0,4771,1,598.73,2
15721.0,4758,1,507.08,2
15723.0,5111,1,203.1,0
15725.0,4762,1,415.25,2
15727.0,4763,7,5178.96,1
15732.0,4959,2,294.12,2
15733.0,5029,1,162.3,0
15734.0,4861,2,1339.45,1
15739.0,4813,1,449.12,2
15740.0,4796,1,154.88,0
15743.0,4763,4,784.46,1
15744.0,4824,1,34.8,0
15747.0,4759,3,974.04,1
15748.0,4787,1,149.31,0
15753.0,5051,1,79.2,0
15756.0,4808,4,532.96,2
15757.0,4812,2,714.42,2
15758.0,4771,1,205.25,0
15759.0,4965,3,253.04,2
15762.0,4812,2,583.75,2
15766.0,4811,1,315.06,2
15773.0,4752,1,635.6800000000001,2
15774.0,4815,1,270.8,0
15775.0,4992,1,104.9,0
15776.0,4880,1,241.62,0
15780.0,4930,3,475.28,2
15783.0,4757,1,246.3,0
15787.0,4773,3,948.05,1
15789.0,5105,1,351.3,2
15790.0,4757,1,220.85,0
15795.0,4896,1,610.01,2
15797.0,4860,4,2207.4,1
15799.0,4822,3,884.14,1
15800.0,4854,2,699.08,2
15803.0,4798,1,415.8200000000001,2
15806.0,4793,3,784.58,2
15807.0,4797,3,903.9,1
15812.0,4854,5,1801.14,1
15813.0,4954,2,1303.91,1
15815.0,4810,5,2100.6,1
15819.0,4796,4,1905.45,1
15820.0,5066,1,206.98,0
15821.0,4791,2,570.96,2
15822.0,4750,2,885.47,2
15825.0,4919,1,532.94,2
15829.0,4846,2,636.14,2
15832.0,5001,1,836.79,2
15835.0,4791,4,954.09,1
15837.0,4811,1,391.98,2
15843.0,5050,1,118.95000000000002,0
15844.0,4793,1,130.73999999999998,0
15847.0,4785,2,389.27,2
15850.0,4766,2,238.85,2
15852.0,4933,2,160.71,0
15853.0,4798,1,110.8,0
15854.0,4751,12,2974.65,1
15855.0,4883,5,712.24,1
15857.0,4765,1,297.0,2
15858.0,4762,5,1438.85,1
15860.0,4787,8,977.21,1
15862.0,4755,4,832.88,1
15863.0,4772,2,68.84,0
15865.0,4787,3,895.13,1
15866.0,4848,1,230.53,0
15869.0,5024,2,149.64,0
15870.0,4779,1,354.09000000000003,2
15872.0,4761,2,360.93,2
15883.0,4749,2,396.48,2
15885.0,4839,3,379.35,2
15886.0,4807,1,181.09,0
15889.0,4903,2,446.87,2
15891.0,4973,1,524.52,2
15894.0,5000,2,263.55,2
15895.0,4896,1,179.17,0
15897.0,4941,2,222.05,0
15899.0,5115,1,56.25,0
15900.0,4770,1,351.11,2
15901.0,4763,3,363.88,2
15904.0,4755,1,164.68,0
15907.0,4750,3,967.45,1
15909.0,4920,1,191.94,0
15910.0,4747,8,1232.18,1
15912.0,4925,2,264.62,2
15917.0,4994,1,123.1,0
15918.0,4937,2,334.23,2
15919.0,4766,2,639.89,2
15920.0,4901,4,167.5,0
15921.0,4919,1,336.03000000000003,2
15923.0,5119,1,127.08,0
15925.0,4941,1,207.15,0
15930.0,4814,1,426.63,2
15933.0,4768,3,1107.46,1
15935.0,4986,2,416.86,2
15937.0,4811,1,145.35,0
15938.0,4859,5,404.58,2
15942.0,4880,1,337.44,2
15944.0,5023,1,325.1,2
15945.0,5112,1,181.0,0
15947.0,4829,1,1708.24,2
15948.0,4755,2,955.24,2
15949.0,4763,2,364.72,2
15952.0,4780,4,806.57,1
15957.0,4778,1,428.89,2
15958.0,4821,1,104.35,0
15963.0,4766,2,470.76,2
15965.0,4764,4,845.64,1
15967.0,4770,2,418.83,2
15970.0,5050,1,314.1,2
15971.0,4764,12,4199.85,1
15975.0,4831,1,371.01,2
15976.0,4912,2,430.94,2
15977.0,4764,2,1054.73,2
15978.0,4824,1,1098.78,2
15980.0,4835,3,2398.86,1
15981.0,4771,8,3408.48,1
15983.0,4769,4,1475.02,1
15986.0,4777,1,168.12,0
15987.0,4759,7,1451.28,1
15988.0,4766,1,158.03,0
15990.0,4791,2,792.11,2
15992.0,4750,1,41.99,0
15994.0,4801,1,427.07,2
16000.0,4749,3,12393.7,1
16003.0,4776,5,2735.37,1
16005.0,4759,4,615.39,2
16006.0,4958,1,101.4,0
16007.0,4794,4,1701.94,1
16008.0,4770,3,478.78,2
16009.0,4769,4,992.71,1
16010.0,4992,3,407.5,2
16011.0,4755,16,3362.71,1
16012.0,4782,3,1415.29,1
16017.0,4794,1,211.88,0
16018.0,4786,2,408.9,2
16020.0,4763,3,851.01,2
16022.0,5007,1,628.28,2
16023.0,4793,3,719.81,2
16024.0,4759,1,251.24,0
16025.0,4776,1,439.66,2
16026.0,4790,1,236.09,0
16030.0,5056,1,331.24,2
16031.0,4839,2,548.94,2
16034.0,4943,3,437.7,2
16036.0,4834,2,758.92,2
16037.0,5016,3,855.02,2
16040.0,4812,3,1313.55,1
16041.0,4777,3,3166.4,1
16043.0,4784,4,773.99,1
16045.0,4866,4,1340.7,1
16049.0,4787,3,1111.79,1
16050.0,4920,1,137.9,0
16052.0,4801,1,362.06,2
16053.0,4779,2,1511.95,1
16054.0,4892,1,783.9,2
16055.0,4967,1,134.8,0
16056.0,4792,1,664.85,2
16059.0,4812,6,1459.86,1
16062.0,4756,4,1153.62,1
16063.0,5007,1,335.32,2
16065.0,5112,1,372.09,2
16066.0,4763,5,1521.87,1
16070.0,4769,2,852.15,2
16071.0,4791,1,326.24,2
16072.0,5035,1,584.3199999999999,2
16078.0,5030,1,79.2,0
16079.0,4763,3,1352.0,1
16081.0,4803,5,2806.9,1
16083.0,4847,2,1317.62,1
16084.0,5046,1,436.18,2
16085.0,4770,5,981.51,1
16091.0,4901,2,315.06,2
16093.0,4853,1,17.0,0
16096.0,5011,1,320.62,2
16097.0,4987,1,185.05,0
16098.0,4834,7,2005.63,1
16099.0,4797,3,731.9,2
16102.0,4789,3,1842.14,1
16103.0,4754,6,1429.64,1
16104.0,4808,1,302.36,2
16105.0,4995,1,336.96,2
16106.0,4812,1,108.38,0
16107.0,4764,7,3204.1600000000003,1
16109.0,4965,2,611.88,2
16110.0,4792,3,1337.48,1
16112.0,4890,4,195.74,2
16113.0,4930,1,161.38,0
16114.0,4917,1,135.75000000000003,0
16115.0,4756,8,1667.97,1
16117.0,4936,1,232.21,0
16119.0,4755,2,423.36,2
16121.0,4804,2,867.11,2
16122.0,4820,4,684.4200000000001,1
16123.0,4798,1,307.78,2
16125.0,5114,1,289.35,0
16126.0,4776,4,6287.77,1
16127.0,4786,1,656.25,2
16128.0,4764,5,1880.22,1
16131.0,4798,6,3506.54,1
16135.0,5009,1,517.55,2
16136.0,4806,3,709.38,2
16139.0,4765,3,635.41,2
16141.0,4835,1,620.4,2
16142.0,4996,1,535.34,2
16144.0,4993,1,175.2,0
16146.0,4904,3,734.13,2
16147.0,4880,1,375.0,2
16148.0,5043,1,76.32000000000001,0
16149.0,4751,2,280.52,2
16152.0,5015,1,1829.04,2
16153.0,4796,5,1824.23,1
16159.0,5028,1,348.2,2
16162.0,4999,1,37.4,0
16169.0,4755,4,1822.97,1
16171.0,4806,1,73.2,0
16172.0,4842,5,1140.21,1
16174.0,4873,3,1009.55,1
16175.0,4841,4,1037.59,1
16177.0,4797,1,331.95,2
16178.0,4885,1,197.9,0
16179.0,4807,1,215.83,0
16181.0,4820,1,305.54,2
16182.0,4819,4,6617.65,1
16183.0,4814,1,338.71000000000004,2
16185.0,4763,2,529.41,2
16188.0,4791,4,981.86,1
16189.0,4762,2,215.48,0
16190.0,4787,1,215.08,0
16193.0,4983,1,314.45,2
16198.0,4822,1,400.681,2
16200.0,4751,2,1080.62,2
16202.0,5107,1,365.27,2
16204.0,4770,1,405.71,2
16205.0,4777,4,761.38,1
16206.0,4801,4,537.0600000000001,2
16207.0,4772,1,394.38,2
16208.0,4791,2,664.26,2
16209.0,4835,5,2262.62,1
16210.0,4748,18,21086.3,1
16213.0,4825,1,159.0,0
16214.0,4917,3,1062.75,1
16215.0,4827,1,242.35,0
16216.0,5014,1,914.93,2
16221.0,4783,3,864.86,1
16222.0,5065,1,846.72,2
16224.0,4804,4,1295.3,1
16225.0,4791,5,1096.32,1
16226.0,4950,3,255.12,2
16229.0,4834,2,1010.6,2
16230.0,4936,2,542.03,2
16236.0,4825,1,432.2,2
16241.0,4756,13,2607.87,1
16243.0,4780,2,409.1,2
16244.0,4958,2,1522.75,1
16247.0,4917,1,114.56,0
16248.0,4808,1,152.94,0
16249.0,4799,5,1800.07,1
16250.0,5008,2,389.44,2
16257.0,4923,1,46.95,0
16258.0,4792,5,5203.51,1
16260.0,4797,1,1035.45,2
16261.0,4764,4,746.83,1
16266.0,4820,7,861.89,1
16268.0,4818,2,667.65,2
16270.0,5100,1,1141.24,2
16272.0,4863,1,411.7,2
16274.0,5120,1,357.95,2
16275.0,4943,1,559.87,2
16276.0,4923,1,810.6000000000001,2
16281.0,4819,1,2062.06,2
16282.0,5086,1,168.3,0
16284.0,4778,2,823.97,2
16287.0,4916,1,142.5,0
16295.0,4756,4,1328.55,1
16298.0,4769,3,598.2,2
16305.0,4885,1,361.22,2
16308.0,4784,4,2560.0,1
16311.0,4764,2,616.26,2
16313.0,4750,2,274.15000000000003,2
16315.0,5077,1,226.37,0
16317.0,4866,3,1341.65,1
16318.0,4782,1,328.15,2
16319.0,4964,1,404.4,2
16320.0,4919,2,1038.46,2
16322.0,4748,2,326.75,2
16323.0,4943,1,207.50000000000003,0
16324.0,4875,3,428.68,2
16327.0,4761,6,3844.22,1
16333.0,4754,22,26626.8,1
16337.0,4783,1,151.05,0
16338.0,4904,1,214.8,0
16339.0,5031,1,109.95,0
16340.0,4854,1,549.07,2
16342.0,4822,4,322.41,2
16343.0,4763,2,370.48,2
16344.0,4905,1,101.1,0
16345.0,4791,1,575.41,2
16347.0,4758,2,887.65,2
16348.0,4779,7,1469.45,1
16349.0,5037,1,53.5,0
16351.0,5079,1,153.9,0
16352.0,4764,2,494.44,2
16353.0,4750,23,6675.71,1
16354.0,4810,2,395.8,2
16357.0,4780,3,658.88,2
16361.0,4756,4,896.66,1
16363.0,4800,1,109.36,0
16364.0,4758,2,707.04,2
16365.0,4764,9,1540.42,1
16366.0,4765,1,327.3,2
16367.0,4784,2,804.49,2
16368.0,4749,2,497.43,2
16369.0,4765,3,1553.66,1
16370.0,4829,4,1320.56,1
16372.0,4780,2,367.93,2
16374.0,4813,2,473.03,2
16377.0,5014,1,676.2,2
16378.0,4994,3,362.95,2
16380.0,4808,1,1780.59,2
16383.0,4821,2,668.36,2
16384.0,4836,2,584.5,2
16385.0,4807,3,555.89,2
16386.0,4775,2,317.2,2
16387.0,5069,1,94.36,0
16392.0,5016,1,221.19,0
16395.0,4807,5,1486.9,1
16399.0,4766,2,408.57,2
16400.0,4841,1,303.93,2
16402.0,5011,2,299.6,2
16404.0,4817,1,443.05,2
16405.0,5049,2,167.25,0
16407.0,4759,10,2126.93,1
16409.0,4783,5,2028.88,1
16411.0,4766,2,214.65,0
16412.0,4800,1,151.83,0
16413.0,4803,1,262.2,0
16414.0,4768,2,126.25,0
16415.0,4791,1,210.35,0
16418.0,4791,3,675.27,2
16423.0,4771,1,346.12,2
16425.0,5049,1,302.7,2
16426.0,4749,10,1908.25,1
16427.0,5010,2,241.06,2
16429.0,4853,1,284.55,0
16430.0,4804,1,300.85,2
16431.0,4960,3,642.81,2
16432.0,4811,1,287.4,0
16433.0,4775,1,184.26,0
16434.0,4776,7,1522.25,1
16438.0,4752,5,798.35,1
16440.0,4754,5,3640.67,1
16441.0,4814,2,381.2,2
16442.0,4748,3,616.79,2
16445.0,4780,1,230.51,0
16447.0,4882,1,259.01,0
16448.0,4945,1,188.89,0
16450.0,4896,1,311.92,2
16451.0,4834,1,266.97,0
16455.0,4810,7,1841.18,1
16456.0,4846,5,2158.37,1
16457.0,4965,1,208.36,0
16458.0,4749,18,3482.74,1
16460.0,4775,3,814.72,2
16461.0,4924,1,151.42,0
16464.0,4766,3,1314.68,1
16466.0,4780,7,1603.46,1
16468.0,4821,1,74.9,0
16469.0,4770,4,650.43,2
16471.0,5021,1,223.95,0
16475.0,4835,4,544.3,2
16477.0,4810,7,2494.46,1
16478.0,4772,3,331.0,2
16479.0,4757,2,300.83,2
16480.0,4822,1,769.29,2
16482.0,4762,1,220.62,0
16483.0,4939,1,139.35,0
16485.0,4824,1,363.65,2
16491.0,4793,1,731.5,2
16494.0,5043,1,826.53,2
16495.0,4750,3,684.41,2
16497.0,4796,6,2965.69,1
16500.0,4751,6,400.86,2
16504.0,4772,1,484.38,2
16505.0,4778,1,777.6,2
16506.0,4766,2,90.3,0
16509.0,5043,1,363.7,2
16510.0,5119,1,248.1,0
16511.0,4768,3,950.26,1
16513.0,4751,4,874.59,1
16515.0,4799,5,1627.13,1
16516.0,4777,1,101.7,0
16517.0,5024,1,162.7,0
16519.0,4772,2,215.08,0
16526.0,4918,1,290.36,0
16527.0,4828,1,228.06,0
16528.0,4750,1,244.41,0
16529.0,4937,1,455.25,2
16531.0,4769,7,1244.59,1
16532.0,4764,3,6748.8,1
16535.0,4752,1,593.75,2
16539.0,4749,4,1388.81,1
16542.0,4800,1,119.62,0
16545.0,4911,1,339.3,2
16549.0,4757,10,4154.64,1
16551.0,4842,3,922.12,1
16552.0,4989,2,379.73,2
16555.0,4782,2,285.89,2
16556.0,4813,7,3313.79,1
16557.0,4771,2,281.85,2
16561.0,4752,2,511.12,2
16563.0,4800,1,1077.74,2
16565.0,5111,1,173.7,0
16567.0,4941,2,865.6,2
16569.0,4750,1,124.2,0
16574.0,4818,1,451.44,2
16582.0,4860,1,313.62,2
16583.0,5120,1,233.45,0
16586.0,4995,1,463.95,2
16587.0,4979,1,225.15,0
16589.0,4818,3,459.24,2
16591.0,4815,1,213.5,0
16593.0,4797,3,330.03,2
16594.0,4822,1,181.09,0
16595.0,4808,1,360.16,2
16596.0,4762,2,250.15,2
16597.0,4751,1,90.04,0
16600.0,4751,6,813.52,1
16601.0,4787,1,244.8,0
16603.0,4821,2,482.47,2
16610.0,4966,1,75.66,0
16612.0,4779,4,1187.66,1
16613.0,4817,1,618.59,2
16614.0,4929,1,506.19,2
16616.0,4762,2,500.42,2
16617.0,4982,1,151.85,0
16620.0,4750,2,178.96,0
16621.0,4798,4,813.48,1
16623.0,4992,1,129.45,0
16624.0,4827,2,810.5699999999999,2
16625.0,5021,1,333.08,2
16627.0,4826,1,322.8,2
16629.0,4820,2,417.73,2
16634.0,4969,2,217.9,0
16641.0,4852,1,231.1,0
16643.0,4992,1,487.51,2
16644.0,4924,2,833.78,2
16647.0,4916,2,214.06,0
16650.0,4818,1,518.42,2
16655.0,4764,6,3794.52,1
16657.0,4756,4,933.62,1
16658.0,5115,1,123.24,0
16659.0,4936,1,39.12,0
16665.0,5109,1,135.39999999999998,0
16666.0,4766,1,118.98,0
16667.0,4815,2,570.13,2
16668.0,4762,6,306.72,2
16671.0,4775,3,1692.27,1
16674.0,4801,2,319.61,2
16679.0,5113,1,129.75,0
16680.0,4790,1,183.7,0
16681.0,4819,6,1770.34,1
16682.0,4751,5,1028.0,1
16685.0,4808,2,324.24,2
16688.0,4748,4,1260.86,1
16692.0,5003,2,1276.0,1
16693.0,4815,2,482.01,2
16696.0,4882,4,657.9000000000001,2
16697.0,4988,1,112.75,0
16698.0,4973,2,1998.0,1
16706.0,4784,3,531.35,2
16708.0,4792,1,656.63,2
16709.0,4831,5,3029.87,1
16710.0,4766,10,2483.04,1
16711.0,4750,5,1651.03,1
16712.0,4756,11,3645.43,1
16715.0,4825,1,301.72,2
16718.0,5116,1,623.75,2
16720.0,4773,1,155.24,0
16721.0,5009,1,292.47,0
16723.0,4838,2,589.15,2
16726.0,4773,5,1382.02,1
16727.0,5111,1,272.82,0
16728.0,4793,4,1054.67,1
16732.0,4778,1,603.75,2
16734.0,4799,3,650.51,2
16737.0,4800,1,417.6,2
16738.0,5044,1,3.75,0
16744.0,4758,7,1304.76,1
16748.0,4764,5,1515.9,1
16750.0,4791,5,623.93,1
16751.0,4777,1,1764.72,2
16752.0,5119,1,207.5,0
16753.0,4805,1,223.92,0
16754.0,5119,1,2002.4,2
16756.0,4961,1,239.4,0
16757.0,5065,1,106.83,0
16758.0,4812,1,369.34,2
16761.0,4843,1,316.62,2
16762.0,4766,3,1501.38,1
16765.0,5041,1,34.0,0
16766.0,5020,2,1145.6,2
16767.0,4777,11,5580.6,1
16769.0,5007,1,380.39,2
16771.0,4780,5,2246.81,1
16773.0,4804,1,171.59,0
16775.0,4757,11,1695.66,1
16776.0,4807,1,388.28,2
16777.0,4827,2,226.35,0
16778.0,4821,2,245.94,2
16780.0,4847,2,425.19,2
16784.0,4766,1,107.6,0
16788.0,4870,2,597.48,2
16789.0,4755,1,80.8,0
16792.0,5029,2,110.38,0
16793.0,4804,1,243.84,0
16795.0,5112,1,414.88,2
16796.0,4836,1,305.62,2
16800.0,4758,1,1201.49,2
16803.0,4812,1,332.3,2
16804.0,4770,3,536.99,2
16805.0,4920,2,460.59,2
16806.0,4850,4,801.49,1
16807.0,4889,3,1121.59,1
16808.0,4846,2,288.42,2
16811.0,4751,2,547.07,2
16812.0,5107,1,479.35,2
16813.0,4755,10,1692.98,1
16816.0,4850,4,417.06,2
16820.0,4842,1,497.61,2
16823.0,4974,1,358.38,2
16824.0,4762,2,460.64,2
16825.0,4785,2,775.1800000000001,2
16826.0,4798,1,341.7,2
16828.0,4840,2,128.5,0
16829.0,4903,1,197.22,0
16830.0,4785,1,325.91,2
16832.0,4931,3,199.15,0
16833.0,4748,4,1106.53,1
16834.0,4974,1,413.46,2
16835.0,4875,2,180.85,0
16836.0,4786,2,251.87,2
16846.0,4797,1,214.32,0
16847.0,4790,1,193.44,0
16848.0,4799,1,281.42,0
16849.0,4933,1,124.57,0
16850.0,5080,1,332.41,2
16851.0,4751,3,342.45,2
16852.0,4757,2,144.91000000000005,0
16855.0,4770,2,328.4,2
16856.0,4761,1,35.400000000000006,0
16866.0,4887,3,207.74,2
16872.0,4824,3,680.02,2
16877.0,4759,6,853.72,1
16880.0,4777,7,1519.08,1
16881.0,4813,1,432.0,2
16882.0,4813,3,705.12,2
16883.0,4934,2,276.73,2
16884.0,4784,2,429.84,2
16885.0,4762,3,471.51,2
16887.0,4782,1,194.88,0
16889.0,4941,3,1578.67,1
16891.0,4748,5,809.7,1
16893.0,5113,1,145.93,0
16895.0,4811,1,219.14,0
16899.0,4754,6,1281.56,1
16902.0,4863,1,1706.88,2
16903.0,4776,1,373.24,2
16904.0,4751,16,3754.27,1
16906.0,4828,4,579.77,2
16907.0,4776,5,981.65,1
16910.0,4751,8,1510.06,1
16913.0,5037,1,113.44,0
16914.0,4783,1,208.46,0
16915.0,4756,6,621.6800000000001,1
16916.0,4770,2,576.26,2
16917.0,5023,1,391.52,2
16919.0,4903,11,2596.45,1
16921.0,4808,1,169.79,0
16926.0,5118,1,230.25,0
16927.0,4862,3,543.05,2
16929.0,4750,7,1295.39,1
16930.0,4773,3,380.55,2
16931.0,4752,21,4604.22,1
16932.0,4800,1,161.94,0
16934.0,4801,2,950.93,2
16936.0,4772,1,262.68,0
16940.0,4799,3,3049.88,1
16943.0,4958,3,816.73,2
16945.0,4768,19,4345.5,1
16947.0,4982,1,406.48,2
16948.0,4885,3,435.02,2
16950.0,4803,3,1178.56,1
16952.0,4856,2,167.61,0
16953.0,4777,1,20.8,0
16954.0,4747,9,2085.08,1
16957.0,4986,2,416.64,2
16959.0,4834,1,117.35,0
16960.0,4785,3,507.05,2
16961.0,4863,1,234.17,0
16963.0,4934,1,110.55,0
16965.0,4973,1,201.19,0
16967.0,4936,1,319.02,2
16968.0,4751,2,439.43,2
16969.0,4786,3,650.41,2
16976.0,5014,1,251.52,0
16978.0,4824,1,344.33,2
16980.0,5002,2,1078.96,2
16982.0,4807,1,384.06,2
16986.0,4776,2,1873.2,1
16987.0,4750,7,1625.05,1
16988.0,4752,1,126.12,0
16989.0,4754,6,1133.25,1
16990.0,4965,1,179.0,0
16997.0,5035,3,702.0,2
16999.0,4770,2,484.82,2
17001.0,4747,11,3989.57,1
17004.0,4793,2,1412.94,1
17006.0,4751,4,781.78,1
17011.0,4777,1,270.9,0
17015.0,4775,3,1842.56,1
17018.0,4787,2,920.1,2
17019.0,4758,4,1272.61,1
17022.0,4778,1,71.0,0
17024.0,4792,3,95.85,0
17025.0,4807,3,357.77,2
17026.0,4932,2,154.82999999999998,0
17029.0,4857,2,716.0,2
17030.0,4810,1,146.87,0
17031.0,4758,2,380.35,2
17033.0,4833,3,1030.14,1
17038.0,4777,1,112.4,0
17040.0,4884,1,449.73,2
17042.0,4749,5,1044.38,1
17043.0,4779,4,1735.18,1
17045.0,4860,3,339.44,2
17046.0,4904,1,642.02,2
17047.0,4832,3,1100.9,1
17050.0,4843,6,3228.84,1
17051.0,4941,1,247.14,0
17052.0,4775,1,413.75,2
17058.0,4828,3,1179.89,1
17059.0,4776,5,3095.04,1
17060.0,5013,1,234.24,0
17064.0,4805,3,859.35,1
17070.0,4861,1,312.14,2
17073.0,4764,4,1446.09,1
17076.0,4783,3,841.0799999999999,2
17078.0,4783,2,378.2,2
17079.0,4825,1,118.8,0
17081.0,4772,2,290.16,2
17082.0,4780,2,2003.85,1
17083.0,4856,3,1405.78,1
17084.0,4782,2,2949.75,1
17086.0,4754,6,2050.08,1
17088.0,4775,4,1991.01,1
17092.0,4797,4,1777.78,1
17100.0,4765,2,971.74,2
17101.0,4757,4,1621.73,1
17102.0,5008,1,25.5,0
17105.0,4906,2,665.78,2
17110.0,4912,1,163.29999999999998,0
17111.0,4794,1,248.61,0
17117.0,5035,1,116.2,0
17118.0,5064,1,157.02,0
17120.0,4980,1,307.46,2
17122.0,4866,1,138.32,0
17123.0,4908,1,345.29999999999995,2
17124.0,4932,1,298.89,2
17125.0,4797,1,259.35,0
17128.0,5081,1,157.09,0
17131.0,4752,5,2463.17,1
17133.0,4762,7,4892.240000000001,1
17134.0,4853,2,425.0,2
17135.0,4763,7,1139.73,1
17138.0,5022,1,380.5,2
17140.0,4994,1,465.32,2
17142.0,4986,1,579.0,2
17144.0,4748,2,984.57,2
17146.0,4852,3,749.78,2
17148.0,4798,1,124.88,0
17153.0,4771,1,213.78,0
17154.0,4822,1,329.34,2
17155.0,4764,2,251.7,2
17158.0,4779,3,1266.97,1
17160.0,4778,6,3518.03,1
17163.0,4768,2,293.1,2
17165.0,5031,1,158.68,0
17171.0,5036,1,224.91,0
17174.0,4964,1,59.9,0
17176.0,4948,1,306.13,2
17179.0,4925,3,711.79,2
17181.0,4804,2,239.92,2
17186.0,4793,2,144.0,0
17187.0,4973,1,203.95,0
17189.0,4853,2,384.4,2
17191.0,4775,7,2095.13,1
17194.0,5020,2,262.62,2
17197.0,4776,1,1013.01,2
17198.0,4770,3,692.22,2
17201.0,4800,1,342.63,2
17203.0,4782,6,3563.85,1
17205.0,4800,1,384.08,2
17206.0,4800,1,204.24,0
17212.0,5000,1,226.85,0
17217.0,4981,1,113.5,0
17218.0,4751,10,1960.72,1
17219.0,4778,1,114.23,0
17220.0,4771,14,3198.25,1
17221.0,4754,2,335.13,2
17222.0,4812,1,354.15,2
17223.0,5057,2,426.79,2
17226.0,5055,1,393.49,2
17227.0,4765,6,939.32,1
17228.0,4762,8,1906.09,1
17229.0,4843,2,318.76,2
17232.0,4749,2,421.52,2
17233.0,4782,1,190.88,0
17234.0,4929,1,149.89,0
17235.0,4772,2,550.06,2
17236.0,4759,6,916.13,1
17237.0,4758,2,314.69,2
17238.0,4749,17,3744.65,1
17242.0,4855,2,1135.04,2
17244.0,4800,1,954.9,2
17245.0,4951,1,171.45,0
17247.0,4762,1,282.19,0
17248.0,4867,1,318.65,2
17250.0,4750,2,384.52,2
17251.0,5109,1,283.28000000000003,0
17252.0,4863,2,353.86,2
17253.0,4765,1,178.26,0
17254.0,4751,2,272.44,2
17255.0,4787,2,298.41,2
17256.0,4854,2,240.0,2
17259.0,4895,2,603.37,2
17262.0,4799,5,1253.36,1
17263.0,4955,1,63.440000000000005,0
17265.0,4885,2,562.9,2
17266.0,4749,3,310.64,2
17267.0,4874,2,317.62,2
17268.0,4854,4,763.64,1
17274.0,4782,1,111.98,0
17277.0,4974,2,1065.35,2
17278.0,4988,1,246.04,0
17279.0,4804,1,187.83,0
17282.0,4877,3,1703.41,1
17286.0,4768,1,153.92,0
17287.0,4773,7,1064.11,1
17288.0,4756,7,1419.73,1
17290.0,4750,2,525.24,2
17291.0,5055,1,550.8000000000001,2
17293.0,4755,9,1875.11,1
17295.0,4775,3,556.95,2
17297.0,4764,1,131.78,0
17298.0,4848,2,498.42,2
17299.0,4758,4,669.11,2
17301.0,4768,1,197.63,0
17303.0,5108,1,250.04,0
17309.0,4842,1,82.75,0
17311.0,4825,2,1384.85,1
17312.0,4885,3,644.3,2
17320.0,4847,3,1200.62,1
17321.0,4755,2,700.86,2
17324.0,4764,4,990.23,1
17325.0,5027,1,96.8,0
17329.0,4761,2,523.11,2
17330.0,4769,2,363.9,2
17331.0,4870,1,175.2,0
17333.0,4832,1,494.25,2
17339.0,4841,2,243.36,2
17341.0,4903,3,781.36,2
17343.0,5102,1,193.64,0
17344.0,4793,1,160.57,0
17345.0,4762,4,537.74,2
17347.0,4833,1,228.96,0
17348.0,4761,5,1159.52,1
17349.0,4926,1,110.75,0
17351.0,4783,3,587.15,2
17353.0,4876,2,1740.0,1
17354.0,4797,1,1393.06,2
17356.0,5058,1,178.22,0
17357.0,4771,2,388.14,2
17358.0,5050,2,365.85,2
17359.0,4758,1,127.86,0
17360.0,4764,3,585.79,2
17361.0,4796,3,488.2,2
17362.0,4986,2,312.23,2
17365.0,4759,8,4801.56,1
17367.0,4985,1,168.4,0
17370.0,4819,4,446.18,2
17371.0,4764,3,423.89,2
17372.0,4787,8,1342.68,1
17373.0,4787,4,646.92,2
17374.0,4965,2,495.77,2
17376.0,4817,2,203.2,0
17379.0,4758,1,404.66,2
17382.0,4812,1,65.4,0
17383.0,4751,1,199.29,0
17384.0,4766,2,336.4,2
17385.0,4761,1,261.11,0
17386.0,4754,6,2686.42,1
17387.0,4766,2,784.11,2
17388.0,4824,4,1259.56,1
17391.0,4910,2,508.8,2
17392.0,5053,2,457.91,2
17394.0,4966,1,203.87,0
17396.0,4786,8,7330.8,1
17397.0,4769,2,696.41,2
17398.0,4861,3,653.38,2
17400.0,4873,5,2129.96,1
17402.0,4751,13,2633.85,1
17403.0,4783,1,281.62,0
17408.0,4910,1,32.65,0
17409.0,4931,2,771.85,2
17410.0,4763,5,1214.72,1
17412.0,4749,7,1258.06,1
17414.0,4790,2,778.0,2
17415.0,4826,1,507.84,2
17418.0,4789,2,463.46,2
17420.0,4797,3,598.83,2
17425.0,4766,2,759.17,2
17427.0,4818,1,100.8,0
17430.0,4779,2,265.76,2
17431.0,5060,1,403.3,2
17432.0,4765,2,365.76,2
17433.0,4835,1,303.16,2
17436.0,4748,2,216.3,0
17443.0,4966,1,534.24,2
17444.0,4894,3,2940.04,1
17446.0,4923,2,120.9,0
17447.0,4787,2,541.53,2
17453.0,4764,2,486.72,2
17454.0,4939,4,517.53,2
17455.0,4950,1,131.7,0
17456.0,5112,1,249.86,0
17457.0,4873,5,1737.7,1
17458.0,4762,1,316.5,2
17459.0,4790,2,657.3,2
17461.0,4769,3,757.46,2
17464.0,4905,1,289.96000000000004,0
17466.0,4757,2,763.28,2
17468.0,4757,2,137.0,0
17470.0,4791,5,1125.07,1
17472.0,4938,3,710.29,2
17475.0,4826,1,194.37,0
17483.0,4812,3,414.04,2
17486.0,5008,1,396.87,2
17489.0,4805,2,376.64,2
17492.0,4995,1,374.57,2
17495.0,4754,2,497.56,2
17496.0,5105,1,271.05,0
17498.0,4822,1,272.22,0
17499.0,5036,1,622.88,2
17500.0,4764,3,1138.0,1
17501.0,4967,2,288.6,2
17502.0,4756,4,689.1,1
17503.0,4749,2,558.96,2
17505.0,4908,2,1145.84,2
17507.0,5008,2,605.58,2
17508.0,5027,1,387.31,2
17510.0,4771,1,308.48,2
17513.0,4819,1,513.2,2
17514.0,4875,1,208.65,0
17515.0,4778,4,639.02,2
17516.0,4762,5,768.08,1
17517.0,5055,1,153.94,0
17520.0,4800,1,546.81,2
17522.0,4748,5,1070.71,1
17523.0,4758,4,652.74,2
17524.0,5108,1,145.0,0
17525.0,5106,1,422.7000000000001,2
17530.0,4748,10,2385.0,1
17534.0,4800,1,223.36,0
17535.0,5027,1,164.4,0
17536.0,4924,1,76.5,0
17537.0,4776,2,897.62,2
17538.0,4772,1,98.42,0
17542.0,5016,1,170.75,0
17545.0,4790,3,645.96,2
17549.0,4770,2,148.86,0
17550.0,4944,3,267.16,2
17551.0,5106,1,306.84,2
17553.0,4876,1,1487.6,2
17554.0,4748,5,1952.45,1
17555.0,4766,2,483.26,2
17556.0,4952,1,157.9,0
17557.0,4761,3,541.46,2
17561.0,4766,1,167.62,0
17564.0,4771,3,454.01,2
17566.0,4755,2,901.21,2
17569.0,5079,1,344.14,2
17571.0,4797,4,1498.51,1
17572.0,4818,4,226.75000000000003,2
17574.0,4989,1,185.65,0
17580.0,4999,3,215.72,2
17582.0,4983,1,175.27,0
17585.0,4856,4,1133.07,1
17588.0,4847,3,1240.2,1
17589.0,4807,4,2404.17,1
17590.0,4749,3,1479.22,1
17594.0,4832,2,993.18,2
17595.0,4759,2,388.79,2
17596.0,4770,7,2827.93,1
17597.0,4960,1,2044.37,2
17600.0,4764,1,161.67000000000002,0
17601.0,4986,1,116.01,0
17604.0,4964,2,309.36,2
17608.0,4780,2,193.42,0
17614.0,4804,1,390.07,2
17615.0,4877,3,329.6,2
17616.0,4920,3,571.1999999999999,2
17618.0,4752,3,971.58,1
17619.0,5059,1,218.52,0
17620.0,4806,1,81.44,0
17623.0,4779,1,527.0500000000001,2
17624.0,4761,2,843.48,2
17625.0,4765,4,2047.0,1
17628.0,4828,1,75.75,0
17630.0,4916,2,503.6,2
17631.0,4748,3,528.33,2
17634.0,4783,9,2361.9700000000003,1
17637.0,4778,2,547.0600000000001,2
17639.0,5023,1,108.5,0
17640.0,4833,1,621.66,2
17642.0,4866,2,712.29,2
17643.0,5120,1,101.55,0
17647.0,4812,1,133.06,0
17650.0,4768,1,166.08,0
17654.0,5024,1,117.55,0
17656.0,4820,5,1674.69,1
17660.0,4888,1,196.0,0
17664.0,4765,2,604.64,2
17666.0,4750,2,728.16,2
17668.0,4748,2,347.75,2
17669.0,4789,7,3406.7200000000003,1
17670.0,4974,1,205.7,0
17674.0,4821,2,551.04,2
17678.0,5010,1,298.11,2
17679.0,4799,2,1992.11,1
17680.0,4770,1,184.4,0
17684.0,4790,1,239.41,0
17685.0,4763,7,3191.53,1
17686.0,4754,7,5739.46,1
17691.0,5105,2,290.40000000000003,2
17694.0,4888,1,283.12,0
17695.0,4878,2,765.34,2
17697.0,4983,1,338.95,2
17698.0,5007,1,154.95,0
17701.0,4999,1,417.95,2
17703.0,4782,3,798.74,2
17704.0,4915,2,885.19,2
17707.0,4932,2,152.4,0
17708.0,4934,2,267.08,2
17709.0,4916,1,137.45,0
17711.0,4757,2,385.1,2
17712.0,4791,1,522.91,2
17714.0,5067,1,153.0,0
17715.0,4947,1,326.4,2
17718.0,4979,1,139.35,0
17720.0,4773,4,1195.94,1
17723.0,4874,6,3276.4000000000005,1
17732.0,5119,1,303.97,2
17733.0,4785,2,692.19,2
17734.0,4800,3,700.63,2
17735.0,4749,19,13110.02,1
17737.0,4756,2,168.24,0
17742.0,4860,2,355.11,2
17749.0,4925,2,674.52,2
17750.0,4752,9,1797.57,1
17752.0,5106,1,80.64,0
17758.0,4766,8,3456.7000000000003,1
17759.0,4764,3,834.99,2
17760.0,4768,2,287.59,2
17761.0,4779,1,712.78,2
17763.0,5010,1,15.0,0
17764.0,4797,2,818.8199999999999,2
17765.0,4905,3,371.88,2
17767.0,4762,1,271.2,0
17768.0,4755,3,2273.1800000000003,1
17770.0,4945,5,1143.27,1
17771.0,4803,2,245.81,2
17772.0,4757,2,182.77,0
17775.0,5001,1,56.4,0
17777.0,4771,3,665.86,2
17781.0,4906,2,188.02,0
17783.0,4819,2,283.47,2
17785.0,4800,1,131.94,0
17786.0,4832,2,278.74,2
17787.0,4899,4,1865.19,1
17788.0,4820,2,1117.9,2
17789.0,5028,1,225.9,0
17790.0,4773,14,1965.55,1
17791.0,4776,1,106.1,0
17793.0,4772,1,323.04,2
17795.0,4926,2,350.39,2
17796.0,4787,4,697.9,1
17797.0,4769,3,780.43,2
17800.0,4784,9,1199.01,1
17805.0,4820,1,512.31,2
17806.0,4758,1,546.04,2
17812.0,4759,4,732.16,1
17816.0,4783,4,36.56,0
17817.0,4751,3,387.68,2
17824.0,4798,1,298.4,2
17827.0,4752,5,1995.46,1
17829.0,5045,1,889.24,2
17830.0,4748,3,398.7,2
17831.0,4780,1,35.400000000000006,0
17832.0,4796,1,155.37,0
17835.0,4749,3,350.64,2
17836.0,4794,1,110.21,0
17839.0,4789,1,338.8,2
17843.0,5050,1,205.48,0
17844.0,4853,1,51.56,0
17846.0,4832,1,2033.1,2
17848.0,4828,9,901.2,1
17849.0,4965,4,605.8000000000001,2
17852.0,4758,2,114.34,0
17854.0,4932,2,311.26,2
17855.0,5119,1,208.97,0
17858.0,4752,12,5155.66,1
17859.0,5051,1,148.21,0
17860.0,5115,1,252.8,0
17862.0,5070,1,330.9,2
17863.0,4806,6,3160.0,1
17864.0,4759,3,597.5,2
17869.0,4854,5,428.18,2
17871.0,4951,1,155.9,0
17877.0,4917,1,237.61,0
17878.0,4790,1,379.45,2
17879.0,4920,1,178.51999999999998,0
17880.0,5111,1,458.92,2
17881.0,5051,1,133.35000000000002,0
17883.0,4750,4,671.77,1
17884.0,4750,4,717.45,1
17885.0,4759,1,190.19,0
17886.0,4778,3,899.61,1
17887.0,4876,1,111.35,0
17889.0,4959,2,203.87,0
17890.0,5069,2,602.09,2
17891.0,4909,1,203.86,0
17892.0,4803,3,244.1,2
17893.0,4972,1,112.25,0
17894.0,4818,8,1119.81,1
17895.0,4791,1,98.0,0
17896.0,4770,1,256.32,0
17898.0,4832,2,152.06,0
17899.0,4906,1,155.8,0
17901.0,4776,1,110.38,0
17905.0,4818,4,800.24,1
17906.0,4994,1,72.9,0
17908.0,5120,1,243.28,0
17911.0,4756,1,366.23,2
17913.0,4805,2,411.6,2
17914.0,4750,1,336.43,2
17917.0,4792,3,341.28,2
17919.0,4835,1,1304.04,2
17920.0,4751,17,4204.1,1
17921.0,4811,4,826.52,1
17923.0,5029,1,207.50000000000003,0
17925.0,5119,1,244.08,0
17926.0,4880,2,397.29,2
17928.0,4792,2,212.54,0
17930.0,4782,5,1740.48,1
17931.0,4881,2,408.36,2
17932.0,4776,3,1331.57,1
17934.0,4798,2,704.25,2
17935.0,4885,2,145.79,0
17936.0,4752,1,389.84,2
17937.0,4755,7,4301.22,1
17939.0,4906,1,99.14,0
17941.0,4877,1,304.56,2
17942.0,4754,1,77.50000000000001,0
17946.0,4980,2,149.57999999999998,0
17947.0,4784,1,176.68,0
17948.0,4894,1,358.56000000000006,2
17955.0,4945,4,557.3,2
17956.0,4996,1,12.75,0
17957.0,4813,1,111.68,0
17958.0,4863,1,508.4599999999999,2
17960.0,4918,1,73.78,0
17961.0,4768,39,1296.44,1
17962.0,4889,1,102.83,0
17964.0,4778,2,471.7,2
17965.0,4784,14,2622.57,1
17966.0,4784,5,1098.43,1
17967.0,5118,1,123.07,0
17968.0,5120,1,277.35,0
17969.0,4913,2,228.2,0
17970.0,4958,1,582.59,2
17972.0,4988,1,136.04,0
17973.0,4798,1,337.04,2
17974.0,4771,3,740.79,2
17976.0,5119,1,353.19,2
17977.0,4776,1,288.14,0
17978.0,5112,1,300.92,2
17980.0,4912,3,811.45,2
17984.0,4892,1,152.68,0
17985.0,4769,1,634.95,2
17986.0,4803,1,20.8,0
17987.0,4932,1,198.57,0
17990.0,4983,3,630.84,2
17991.0,4972,2,93.35,0
17995.0,5028,1,76.1,0
17999.0,4784,2,382.06,2
18001.0,4759,2,417.23,2
18004.0,5109,1,169.47,0
18005.0,4750,2,249.72,2
18006.0,4770,1,444.68,2
18008.0,4817,9,2116.19,1
18010.0,5003,1,174.8,0
18011.0,5120,1,102.79,0
18013.0,4902,2,187.29,0
18014.0,4775,1,166.42,0
18015.0,4751,1,120.03,0
18016.0,4779,5,1483.56,1
18017.0,4828,3,523.0,2
18018.0,4855,2,122.14,0
18019.0,4798,1,38.45,0
18022.0,4782,1,668.11,2
18027.0,4845,1,115.31,0
18032.0,5081,1,73.5,0
18033.0,4812,1,97.97,0
18034.0,4768,2,422.88,2
18035.0,4782,3,730.4,2
18036.0,4779,3,405.62,2
18037.0,4901,6,70.02,0
18040.0,4766,2,357.20000000000005,2
18042.0,4800,1,165.04999999999998,0
18043.0,4771,3,559.51,2
18045.0,4792,1,189.4,0
18048.0,4950,2,172.29000000000002,0
18050.0,5106,1,74.4,0
18056.0,5035,1,363.65,2
18058.0,4756,1,170.16,0
18061.0,4768,10,2119.41,1
18062.0,4920,3,720.52,2
18064.0,4880,2,814.0,2
18066.0,4822,1,318.0,2
18067.0,4787,1,396.33,2
18068.0,5036,1,101.7,0
18071.0,5004,2,453.0,2
18074.0,5120,1,489.6,2
18077.0,4755,11,2633.01,1
18078.0,4964,2,336.13,2
18079.0,4792,4,3651.97,1
18080.0,4765,2,1231.5,1
18081.0,4783,3,343.45,2
18082.0,4772,1,703.37,2
18085.0,5077,2,689.95,2
18086.0,5021,1,101.34,0
18088.0,4808,1,167.67000000000002,0
18094.0,4828,7,3017.3,1
18095.0,5059,2,580.0500000000001,2
18096.0,4758,3,911.15,1
18099.0,4874,1,168.31,0
18101.0,4758,2,223.65,0
18104.0,4784,1,754.64,2
18105.0,4784,1,113.48000000000002,0
18106.0,5076,1,430.7,2
18112.0,4759,2,352.69,2
18113.0,5115,1,76.32000000000001,0
18114.0,5037,1,220.1,0
18116.0,4814,8,1418.03,1
18117.0,4772,1,320.72,2
18119.0,5114,1,181.12,0
18120.0,4961,1,111.15,0
18121.0,4896,2,673.1,2
18122.0,4755,6,1826.21,1
18123.0,4771,2,589.4399999999999,2
18126.0,4807,1,206.83,0
18127.0,4766,3,348.73,2
18129.0,4990,1,112.55,0
18135.0,4776,5,681.9100000000001,1
18138.0,5042,1,152.65,0
18143.0,4863,2,1000.16,2
18144.0,4754,12,2888.75,1
18145.0,4759,4,2861.55,1
18146.0,4887,2,160.35000000000002,0
18147.0,4792,2,179.33999999999995,0
18149.0,4797,3,612.0799999999999,2
18150.0,4779,3,566.58,2
18151.0,4881,2,653.35,2
18154.0,4750,2,399.19,2
18156.0,4759,2,734.94,2
18159.0,5048,1,530.15,2
18160.0,4804,2,638.0600000000001,2
18165.0,4924,1,302.46000000000004,2
18169.0,4807,1,202.65,0
18170.0,4780,3,980.31,1
18173.0,4833,4,2106.84,1
18174.0,4754,1,104.0,0
18179.0,4756,6,1793.17,1
18180.0,4751,6,1843.75,1
18181.0,4771,1,382.8,2
18184.0,4762,1,49.8,0
18185.0,4996,1,304.25,2
18191.0,5008,1,207.8,0
18192.0,4818,1,957.97,2
18196.0,4842,2,689.13,2
18200.0,4853,1,163.8,0
18202.0,4946,3,1396.99,1
18203.0,4904,1,160.42000000000002,0
18205.0,4783,2,517.36,2
18209.0,4775,1,139.10000000000002,0
18210.0,4748,6,2621.38,1
18211.0,4772,5,600.07,1
18212.0,5073,1,248.42,0
18213.0,4983,1,232.48,0
18215.0,4836,1,299.34000000000003,2
18216.0,4778,1,481.75,2
18217.0,4776,2,621.75,2
18222.0,4839,1,443.0,2
18224.0,5010,1,158.95000000000002,0
18227.0,4964,1,93.75,0
18229.0,4758,20,7276.900000000001,1
18233.0,5072,1,440.0,2
18235.0,4818,3,1796.48,1
18236.0,4776,6,882.24,1
18237.0,4749,5,987.1,1
18239.0,4965,5,1561.61,1
18240.0,4793,1,422.58,2
18242.0,4819,4,2232.49,1
18246.0,4770,2,596.1,2
18249.0,4764,1,95.34,0
18251.0,4834,1,4314.72,1
18252.0,4797,2,526.67,2
18255.0,4836,1,103.3,0
18259.0,4771,3,2338.6000000000004,1
18261.0,4790,2,324.24,2
18262.0,4887,1,149.48,0
18265.0,4819,2,801.51,2
18273.0,4749,3,204.0,0
18278.0,4820,1,173.9,0
18280.0,5024,1,180.6,0
18281.0,4927,1,80.82,0
18283.0,4750,16,2094.88,1
18287.0,4789,3,1837.28,1
