CustomerID,Recency,Frequency,MonetaryValue
12347.0,4749,7,4310.0
12348.0,4822,4,1797.24
12349.0,4765,1,1757.55
12350.0,5057,1,334.4
12353.0,4951,1,89.0
12354.0,4979,1,1079.4
12355.0,4961,1,459.4
12356.0,4769,3,2811.43
12357.0,4780,1,6207.67
12358.0,4748,2,1168.06
12360.0,4799,3,2662.06
12361.0,5034,1,189.9
12363.0,4856,2,552.0
12364.0,4754,4,1313.1
12367.0,4751,1,168.9
12370.0,4798,4,3545.69
12371.0,4791,2,1887.96
12372.0,4818,3,1298.04
12373.0,5058,1,364.6
12374.0,4772,1,742.9300000000001
12377.0,5062,2,1628.12
12378.0,4876,1,4008.62
12386.0,5084,2,401.9
12388.0,4762,6,2780.66
12390.0,4826,1,549.84
12391.0,4768,1,460.89
12393.0,4819,4,1582.6000000000001
12394.0,4810,2,1272.48
12397.0,4782,2,2409.9
12398.0,4792,1,1635.6599999999999
12399.0,4866,4,1108.65
12401.0,5050,1,84.3
12402.0,5070,1,225.6
12405.0,4895,1,1710.39
12407.0,4796,5,1708.1200000000001
12412.0,4821,3,1226.88
12414.0,4964,3,562.41
12418.0,4859,1,668.58
12420.0,4810,1,600.39
12422.0,4842,3,803.5600000000001
12424.0,4909,2,1760.96
12425.0,4825,1,777.2
12426.0,4941,1,582.73
12429.0,4756,4,3750.4
12430.0,4790,1,256.4
12432.0,4789,5,5059.32
12433.0,4747,7,13375.87
12435.0,4826,2,7829.89
12436.0,4846,1,509.01
12438.0,4761,2,2906.85
12441.0,5113,1,173.55
12442.0,4750,1,172.06
12445.0,4769,1,133.4
12447.0,4990,1,476.49
12448.0,4791,1,449.45
12449.0,4769,4,4067.29
12450.0,4903,2,197.88
12453.0,4881,1,707.09
12455.0,4820,6,2466.86
12458.0,4818,2,947.4
12461.0,4841,2,826.88
12464.0,4757,8,1212.05
12475.0,4800,1,723.38
12478.0,4750,1,680.99
12480.0,4775,4,3281.63
12488.0,4756,3,1298.66
12489.0,5083,1,334.93
12490.0,4752,10,5417.93
12491.0,4785,1,460.40000000000003
12492.0,4810,2,263.21000000000004
12497.0,4828,1,1043.1
12498.0,4768,3,403.70000000000005
12502.0,4842,5,3723.87
12506.0,4979,1,73.5
12508.0,4773,2,398.27
12509.0,5031,1,176.5
12510.0,4889,2,982.5699999999999
12512.0,4813,2,138.03
12514.0,5014,1,1017.68
12515.0,5100,1,383.7
12516.0,4824,2,1312.06
12518.0,4747,5,2056.89
12519.0,4810,1,340.84
12521.0,4889,1,599.68
12522.0,4786,2,192.72
12524.0,4756,8,4485.72
12526.0,4747,3,1316.66
12527.0,4828,3,348.71000000000004
12531.0,4761,1,125.22
12532.0,4777,1,349.83000000000004
12534.0,4877,1,1089.18
12535.0,4838,2,716.35
12538.0,4776,1,363.95
12541.0,4776,3,981.18
12545.0,4822,2,1000.39
12547.0,4944,2,207.79999999999998
12548.0,4913,1,95.19999999999999
12550.0,4826,1,964.83
12551.0,5104,1,168.0
12552.0,4785,2,437.82
12556.0,4797,2,603.71
12557.0,4763,5,11990.960000000001
12561.0,5049,1,238.85
12562.0,4755,7,3781.7400000000002
12564.0,5008,1,456.9
12571.0,4786,2,519.61
12573.0,4974,1,160.54000000000002
12574.0,5062,1,218.45
12580.0,4993,1,415.7
12581.0,4786,1,197.71
12582.0,4985,2,511.36
12587.0,4754,1,144.0
12588.0,4786,1,214.89999999999998
12589.0,4775,2,646.68
12591.0,5064,1,452.84999999999997
12592.0,4839,2,437.6
12593.0,4855,3,418.09999999999997
12596.0,4798,2,618.27
12599.0,4776,7,1032.58
12602.0,4805,1,153.12
12604.0,4826,2,254.18
12609.0,4825,3,1126.85
12611.0,4799,1,1193.32
12614.0,5024,1,315.6
12615.0,4749,4,2291.19
12617.0,4776,1,355.53
12618.0,4768,1,177.31
12620.0,4761,3,1339.41
12622.0,4979,1,180.1
12623.0,5023,1,305.1
12624.0,4853,2,641.13
12627.0,4757,7,4478.53
12630.0,4756,2,1270.88
12631.0,4804,1,640.5
12635.0,4836,2,1689.18
12638.0,4780,1,671.69
12639.0,4985,1,486.1
12640.0,4770,3,1174.58
12641.0,4862,1,185.9
12642.0,4772,3,1013.26
12643.0,4875,6,3344.64
12644.0,4876,1,477.91
12646.0,4751,2,1346.97
12648.0,4901,1,318.05
12650.0,4750,1,314.44
12651.0,5081,1,114.0
12653.0,4895,2,2209.85
12654.0,4757,5,601.98
12658.0,4765,1,686.05
12659.0,4776,1,91.68
12660.0,4758,1,245.1
12667.0,4805,1,620.13
12672.0,5076,1,225.89999999999998
12673.0,4752,2,610.52
12676.0,4771,6,1331.39
12680.0,4747,4,862.81
12682.0,4750,31,12288.22
12684.0,4754,7,2283.63
12685.0,4775,6,2863.08
12686.0,5118,1,89.14
12688.0,4860,1,4873.8099999999995
12689.0,4772,2,1247.61
12690.0,4952,1,389.01
12691.0,4775,6,1035.8
12694.0,4817,2,869.67
12695.0,4754,4,582.1
12701.0,4826,2,797.71
12702.0,4766,1,219.0
12707.0,5038,1,603.42
12713.0,4747,1,848.55
12714.0,4756,5,4708.86
12715.0,4853,1,353.86
12716.0,4750,2,1053.49
12718.0,4818,1,238.25
12723.0,4750,5,725.07
12724.0,4752,4,1031.41
12725.0,5118,1,427.8
12726.0,4775,7,2609.1
12728.0,4818,4,836.33
12729.0,4860,1,453.01
12732.0,4926,1,236.26000000000002
12733.0,4981,1,383.95
12734.0,5099,1,110.39999999999999
12735.0,5062,2,779.5699999999999
12736.0,5079,1,234.0
12738.0,5119,1,155.35
12739.0,4825,2,1013.04
12740.0,4810,1,427.6
12743.0,4881,2,546.43
12747.0,4749,11,4196.01
12750.0,4875,1,275.88
12752.0,4828,1,4366.78
12756.0,4833,1,112.07999999999998
12758.0,4863,2,2791.59
12759.0,4799,3,1531.44
12762.0,4754,2,1898.52
12763.0,4885,2,494.08
12764.0,5063,1,1693.88
12766.0,4750,7,6989.63
12769.0,4985,1,1143.6
12770.0,4957,1,1351.45
12772.0,4806,1,892.47
12784.0,4756,2,574.42
12787.0,4756,3,463.66
12789.0,4812,1,91.85
12790.0,4939,1,324.92
12791.0,5120,1,192.60000000000002
12792.0,5003,1,400.53999999999996
12793.0,5081,2,545.48
12794.0,4800,2,860.41
12795.0,4765,1,430.48
12798.0,4757,3,6977.04
12808.0,4783,3,483.65000000000003
12811.0,5007,3,514.85
12812.0,4791,1,229.64000000000001
12814.0,4848,1,125.92
12815.0,4894,2,1063.46
12816.0,4842,2,572.2
12817.0,5028,1,166.04
12820.0,4750,4,942.34
12821.0,4961,1,92.72
12823.0,4821,5,1759.5
12824.0,4806,1,397.12
12827.0,4752,3,430.15000000000003
12828.0,4749,6,1018.71
12831.0,5009,1,215.05
12832.0,4779,2,383.03
12833.0,4892,1,417.38
12834.0,5029,1,312.38
12836.0,4806,4,2612.86
12837.0,4920,1,134.1
12838.0,4780,2,683.13
12842.0,4817,2,1118.99
12844.0,4776,2,325.96000000000004
12845.0,5014,4,354.09
12847.0,4769,1,871.54
12849.0,4778,2,1050.8899999999999
12851.0,4843,1,135.18
12855.0,5119,1,38.1
12857.0,4957,2,1106.4
12864.0,4885,1,147.12
12866.0,5030,1,559.12
12868.0,4932,6,1607.0600000000002
12871.0,4831,2,380.64
12872.0,5073,2,599.97
12873.0,5029,1,374.0
12875.0,4890,2,343.2300000000001
12876.0,4804,2,2218.02
12877.0,4750,12,1535.77
12881.0,5022,1,298.0
12882.0,4756,2,1463.04
12883.0,4771,4,703.47
12884.0,4835,1,309.05
12890.0,4771,1,380.46999999999997
12891.0,4932,3,331.0
12893.0,4777,1,188.14
12897.0,4951,2,216.5
12902.0,5011,1,138.68
12904.0,4765,2,509.58
12906.0,4758,5,2919.81
12910.0,4770,8,3075.04
12912.0,4749,5,1662.3
12913.0,4751,5,2483.63
12915.0,4895,2,363.65
12917.0,4875,1,594.0
12920.0,4764,1,164.23
12922.0,4908,1,405.38
12923.0,4811,1,176.97
12925.0,4751,2,694.05
12928.0,4782,5,2062.7000000000003
12937.0,4762,4,1504.27
12938.0,4772,1,114.14
12939.0,4811,8,11581.8
12942.0,4878,3,683.9
12944.0,4782,2,604.51
12945.0,5035,1,462.95
12950.0,4749,3,1843.0
12953.0,4756,1,329.85
12956.0,5053,1,108.07
12962.0,4754,2,266.39
12965.0,4836,1,771.91
12966.0,4756,1,160.18
12968.0,4859,1,135.95
12970.0,4754,4,452.24
12974.0,4944,1,144.8
12976.0,4958,1,738.6
12977.0,4903,1,39.239999999999995
12981.0,4776,2,372.21999999999997
12984.0,4765,1,97.5
12988.0,5039,1,535.32
12990.0,4778,3,409.5
12991.0,4770,2,503.76
12993.0,4770,4,414.76
12999.0,4943,3,455.88
13000.0,4853,3,534.85
13002.0,5065,1,120.94999999999999
13003.0,4852,3,149.05
13006.0,4803,1,81.57
13011.0,5119,1,50.550000000000004
13015.0,4800,5,3346.28
13016.0,4820,3,789.89
13017.0,4754,1,204.0
13023.0,4811,2,689.9
13027.0,4860,6,6912.0
13029.0,4777,3,1247.5
13030.0,4758,2,799.48
13033.0,5104,1,190.55
13034.0,4801,2,642.77
13037.0,4885,3,881.07
13038.0,4827,3,908.46
13040.0,4755,2,676.99
13044.0,5038,1,560.47
13045.0,4846,1,305.28000000000003
13046.0,4777,2,629.31
13049.0,4811,2,656.6800000000001
13052.0,4959,1,348.15000000000003
13058.0,4771,3,271.40000000000003
13059.0,4996,1,183.4
13060.0,5000,1,307.53
13061.0,4819,1,248.61
13062.0,4938,1,346.98
13064.0,4759,4,1119.49
13065.0,5120,1,205.86
13067.0,4829,1,115.46000000000001
13068.0,4757,2,344.0
13070.0,4939,1,228.8
13072.0,5013,1,177.15
13075.0,4876,1,919.61
13077.0,4748,4,729.27
13079.0,4751,5,220.10000000000002
13080.0,4926,1,58.08
13083.0,4751,2,303.75
13095.0,4817,1,74.39999999999999
13099.0,4846,1,207.35999999999999
13101.0,4981,1,101.19
13103.0,4786,1,243.94
13104.0,4750,6,1098.48
13108.0,5119,1,350.06
13117.0,4768,8,984.91
13120.0,4985,1,30.599999999999998
13122.0,4841,2,922.39
13124.0,4836,3,3866.33
13127.0,4824,1,259.17
13130.0,4841,1,64.0
13132.0,5008,1,77.3
13133.0,5020,2,109.8
13135.0,4943,1,3096.0
13138.0,4769,6,962.39
13140.0,4855,3,423.72
13142.0,4766,1,307.09
13144.0,5079,1,110.95
13146.0,4773,1,228.91
13147.0,4757,4,712.8000000000001
13149.0,4761,4,1676.06
13153.0,4752,1,486.22
13155.0,4780,4,971.76
13158.0,4841,4,1201.06
13160.0,4769,1,91.8
13161.0,5060,1,112.75
13165.0,4793,2,1021.48
13167.0,4765,4,791.33
13169.0,4810,2,712.88
13170.0,4773,1,116.00999999999999
13173.0,4751,2,353.65
13174.0,4763,3,2817.03
13176.0,4793,1,492.84
13177.0,4811,1,282.45
13178.0,4773,11,5725.47
13182.0,4792,1,121.18
13183.0,4754,9,3957.78
13185.0,5014,1,71.4
13187.0,5084,1,236.02
13188.0,4758,1,114.60000000000001
13189.0,4765,2,260.68
13192.0,4842,2,911.94
13193.0,4808,1,117.88
13194.0,4882,1,60.7
13196.0,4758,4,1797.78
13200.0,4766,4,870.09
13203.0,4756,4,869.46
13207.0,4762,2,250.26000000000002
13210.0,4840,1,353.48
13211.0,4757,3,1197.42
13216.0,5014,1,333.74
13218.0,4874,1,62.63999999999999
13220.0,4825,4,819.2900000000001
13221.0,4987,2,847.41
13223.0,4947,2,163.20000000000002
13226.0,5020,1,108.21000000000001
13227.0,4948,1,257.7
13228.0,4828,1,358.0
13229.0,4972,1,160.95
13232.0,4759,7,1357.6
13233.0,4821,2,605.12
13240.0,4843,4,663.65
13242.0,4859,3,270.40000000000003
13243.0,4950,1,600.07
13244.0,4839,1,121.74000000000001
13245.0,4797,1,430.5
13247.0,4764,4,501.12
13248.0,4871,2,465.68
13249.0,4839,3,711.41
13253.0,4903,2,1030.4
13258.0,4758,3,698.58
13259.0,4808,1,292.32
13260.0,4808,1,557.62
13261.0,5015,2,944.1
13262.0,5010,1,200.29
13263.0,4748,35,7454.07
13265.0,4800,5,2107.66
13270.0,5113,1,590.0
13272.0,4778,2,276.56
13273.0,4860,1,138.98
13276.0,4810,2,590.9300000000001
13277.0,4762,4,258.4
13278.0,4787,1,542.73
13280.0,4869,3,814.86
13283.0,4806,2,93.66
13285.0,4770,4,2709.12
13291.0,4902,1,361.11
13292.0,4785,2,578.9399999999999
13294.0,4936,2,873.74
13296.0,4884,1,87.4
13297.0,4754,4,2089.85
13298.0,4748,1,360.0
13299.0,5015,1,142.5
13301.0,4850,4,618.09
13302.0,4902,1,63.75
13304.0,5098,1,300.42
13305.0,4751,10,2000.86
13307.0,4867,1,15.0
13309.0,4754,5,1456.79
13311.0,4751,2,598.57
13313.0,4769,5,1555.32
13318.0,4748,3,640.76
13321.0,4819,2,567.36
13322.0,4764,1,199.48000000000002
13323.0,4750,5,787.85
13325.0,4828,1,675.3
13328.0,5063,1,1308.48
13330.0,4839,3,1140.93
13332.0,4761,1,350.9
13334.0,4829,3,3536.82
13336.0,4824,1,795.12
13339.0,4947,1,860.12
13340.0,4792,7,10736.48
13341.0,5007,1,775.85
13344.0,4814,3,2543.72
13347.0,4817,1,341.36
13348.0,4811,1,233.76
13349.0,4757,1,247.32
13351.0,4813,1,373.94
13354.0,4818,1,743.53
13355.0,4869,1,674.7
13356.0,4827,1,768.24
13357.0,5004,1,609.95
13358.0,5015,1,439.03
13363.0,4764,2,992.5
13366.0,4797,1,56.160000000000004
13368.0,5003,2,623.4
13372.0,4836,1,378.64
13373.0,4807,3,3312.25
13376.0,4846,3,1019.76
13379.0,4773,3,572.56
13382.0,5027,1,222.99
13385.0,5076,1,534.57
13389.0,4758,3,797.96
13390.0,4821,1,544.08
13391.0,4950,1,59.8
13395.0,4932,1,307.72
13398.0,4939,1,457.34
13402.0,4874,2,621.23
13403.0,4764,1,75.0
13404.0,4748,2,252.49
13405.0,4821,3,572.451
13411.0,4854,1,213.55
13414.0,4880,3,1390.5
13416.0,4790,2,712.5
13417.0,4751,2,640.83
13419.0,4810,1,221.06
13425.0,4855,3,1624.21
13427.0,4766,3,582.6
13428.0,4757,1,218.47
13429.0,4757,4,1006.8
13431.0,4814,2,1269.1
13434.0,4821,2,534.24
13436.0,4748,1,196.89
13437.0,4761,7,3408.06
13439.0,5002,1,283.71
13441.0,4838,1,296.64
13449.0,4770,1,291.88
13450.0,4773,6,2043.7199999999998
13452.0,5006,2,590.0
13453.0,4912,2,356.97999999999996
13460.0,4776,2,183.44
13461.0,4785,3,1445.0
13464.0,4805,1,674.68
13467.0,4757,2,1083.71
13470.0,4846,2,165.0
13471.0,4748,4,2531.58
13474.0,4983,1,229.59
13475.0,4938,4,1431.78
13482.0,4979,1,184.64
13483.0,4812,1,140.34
13484.0,4988,1,313.8
13485.0,4980,1,454.24
13486.0,4825,3,1122.41
13487.0,4804,3,575.4
13489.0,4852,4,449.52
13491.0,4798,10,1215.82
13492.0,4883,3,1269.84
13493.0,5022,2,618.63
13494.0,5058,1,316.26000000000005
13502.0,4763,3,292.0
13503.0,4818,1,216.85
13504.0,4811,1,295.93
13507.0,4750,4,2479.16
13508.0,4990,1,110.97
13509.0,4755,7,979.72
13512.0,5007,1,251.21
13513.0,4873,1,205.1
13514.0,4820,1,152.20000000000002
13515.0,4819,4,891.12
13516.0,4768,3,1389.41
13518.0,4832,1,659.4399999999999
13521.0,4748,3,1093.65
13522.0,4777,1,125.80000000000001
13524.0,4787,5,680.1800000000001
13525.0,4761,2,628.78
13529.0,4825,2,307.76
13531.0,4952,2,483.8
13532.0,4780,1,210.31
13533.0,4929,3,270.79
13536.0,4748,7,3448.29
13538.0,4790,7,1280.85
13544.0,4786,2,291.41
13546.0,4759,3,626.99
13548.0,4843,2,682.41
13551.0,5066,1,91.80000000000001
13555.0,4820,4,4149.28
13557.0,4775,2,584.06
13558.0,4752,4,605.06
13560.0,4754,1,174.37
13561.0,4962,1,141.85999999999999
13562.0,4828,3,1799.33
13563.0,4831,2,777.53
13565.0,4766,2,240.22
13566.0,4787,2,874.71
13568.0,4920,1,192.85
13569.0,4764,2,373.75
13570.0,4990,1,239.49
13571.0,4759,12,2092.32
13572.0,4952,1,1384.25
13573.0,4797,2,294.4
13575.0,4770,5,732.0699999999999
13579.0,4761,2,467.04
13581.0,5056,1,118.0
13583.0,4902,1,781.03
13584.0,5053,1,142.4
13589.0,4761,2,379.65
13591.0,4811,3,1117.13
13592.0,4782,4,247.95999999999998
13594.0,4799,1,396.97
13596.0,4752,2,697.04
13600.0,5059,1,219.52
13601.0,4792,2,693.32
13602.0,4811,1,428.89
13603.0,4773,1,164.34
13606.0,4776,3,280.53999999999996
13607.0,4787,1,678.01
13614.0,4771,4,1610.46
13617.0,4787,3,544.18
13618.0,4920,1,177.34
13621.0,4863,1,213.85
13626.0,4999,1,257.23
13629.0,4770,11,7792.36
13634.0,4780,5,1575.16
13635.0,4814,1,1071.03
13637.0,4799,3,810.5
13638.0,4762,1,122.64
13639.0,4821,1,1033.34
13642.0,4962,1,354.8
13643.0,4778,3,519.44
13645.0,4867,1,252.1
13649.0,5003,2,346.6
13651.0,4782,2,94.2
13652.0,4792,3,1095.08
13654.0,4790,6,2707.33
13655.0,4861,2,932.97
13656.0,4911,2,379.65
13657.0,4757,2,382.14
13663.0,4926,1,189.47
13666.0,4807,3,84.65
13667.0,4896,1,305.02
13669.0,4797,2,218.55
13670.0,4822,1,349.7
13673.0,4765,2,396.92
13675.0,4898,2,486.82000000000005
13678.0,4898,1,232.6
13681.0,4764,4,827.83
13682.0,4934,1,59.5
13685.0,4749,7,3119.44
13686.0,4929,1,72.0
13689.0,4810,1,910.0
13690.0,4806,1,172.25
13695.0,4778,15,2504.13
13697.0,4785,1,151.29999999999998
13699.0,4902,1,308.58000000000004
13700.0,4773,10,2265.12
13703.0,5065,1,99.5
13705.0,4754,3,711.86
13706.0,5049,1,330.79
13707.0,5014,2,806.41
13708.0,5018,1,296.88
13710.0,4778,1,180.48
13711.0,4965,2,252.06
13712.0,4993,1,228.84
13716.0,5016,1,138.28
13718.0,4993,2,306.55
13719.0,4762,5,1041.68
13720.0,4863,4,799.9
13721.0,4783,1,524.14
13723.0,4964,1,199.85000000000002
13726.0,4785,2,1079.6599999999999
13727.0,4775,2,333.48
13728.0,4783,6,1016.14
13730.0,4882,2,752.6
13731.0,4966,2,610.59
13732.0,4775,1,491.86
13737.0,4947,1,339.59999999999997
13739.0,4765,1,216.9
13740.0,4987,1,350.75
13744.0,4842,2,1156.36
13747.0,5120,1,79.6
13748.0,4842,5,948.25
13750.0,4800,5,1647.26
13751.0,5035,1,296.25
13752.0,4871,6,1186.28
13753.0,5034,1,741.26
13754.0,4898,2,282.59999999999997
13758.0,4758,7,3190.55
13759.0,4780,2,659.4100000000001
13760.0,4801,2,286.79
13761.0,4797,2,1070.65
13764.0,4817,3,1521.76
13772.0,4780,3,1132.13
13774.0,4828,1,345.0
13778.0,4850,1,178.7
13780.0,4754,2,360.01
13781.0,4997,1,127.84
13782.0,4759,6,912.0
13784.0,4756,11,2462.79
13786.0,5114,1,230.39999999999998
13787.0,4822,2,309.04
13790.0,4751,1,348.8
13792.0,4813,2,195.55
13799.0,4863,2,688.86
13800.0,5056,1,558.32
13801.0,4813,1,324.8
13803.0,5002,1,277.07
13804.0,4777,7,2635.79
13805.0,4799,2,924.6
13806.0,4810,1,256.38
13807.0,5114,1,112.6
13808.0,4752,5,1747.66
13809.0,5052,1,155.05
13812.0,4789,3,539.0
13817.0,4776,2,382.98
13819.0,5048,3,1140.35
13821.0,4891,2,385.64
13822.0,4752,2,632.0
13823.0,4765,2,957.66
13824.0,4779,5,1698.94
13827.0,4804,3,412.05
13828.0,4769,1,209.49
13831.0,4763,6,2202.99
13833.0,4906,1,384.8
13835.0,4772,4,834.57
13837.0,4958,2,271.24
13838.0,4752,4,691.73
13841.0,4999,1,85.0
13842.0,4805,9,3385.62
13844.0,4758,1,361.62
13845.0,4811,1,312.98
13848.0,4839,3,1255.0
13849.0,4798,2,1537.95
13851.0,4842,3,2651.46
13858.0,4804,1,216.17
13859.0,5073,1,201.16
13865.0,4805,4,501.56
13866.0,4821,1,145.67000000000002
13867.0,4778,3,1015.29
13868.0,4754,2,3192.54
13869.0,4870,4,3104.95
13874.0,5105,1,540.45
13875.0,4800,5,1786.79
13876.0,4810,1,122.7
13877.0,4833,1,117.24
13878.0,4801,1,1281.53
13880.0,4768,13,3219.77
13885.0,4936,2,506.8
13886.0,4818,1,243.56
13887.0,4951,1,349.55
13888.0,4866,2,605.63
13889.0,4839,1,416.90000000000003
13892.0,4773,4,632.97
13893.0,5044,1,821.1
13897.0,4797,1,311.16
13898.0,5072,1,155.93
13899.0,4763,2,388.52
13900.0,4930,3,740.95
13901.0,4819,5,2867.2
13904.0,4784,2,332.64
13911.0,4804,9,2580.91
13917.0,4796,2,272.04
13918.0,4796,2,1212.8400000000001
13922.0,5098,1,172.25
13923.0,4800,1,351.13
13926.0,4770,1,223.85000000000002
13927.0,4821,1,348.99
13928.0,4757,4,464.57
13930.0,4804,2,337.34
13932.0,5041,1,307.4
13933.0,4856,2,608.7900000000001
13934.0,5010,1,922.1
13937.0,4916,1,158.85
13938.0,4782,1,71.66
13940.0,4764,4,839.14
13946.0,4826,3,561.5699999999999
13947.0,4812,1,90.6
13948.0,5107,1,102.0
13949.0,4749,6,2427.32
13951.0,4923,3,674.45
13953.0,4754,7,3515.68
13955.0,4901,2,322.96
13956.0,4752,5,1026.42
13959.0,4826,3,598.2
13960.0,4768,2,230.22
13962.0,4768,2,169.55
13963.0,5055,4,664.54
13967.0,4892,1,80.7
13972.0,4817,2,190.25
13973.0,5034,1,264.7
13974.0,4796,1,413.59000000000003
13976.0,4953,1,357.98
13978.0,4761,2,196.79000000000002
13979.0,4820,1,869.87
13980.0,4807,1,200.14
13986.0,4764,1,320.46
13989.0,4812,2,1266.08
13990.0,4960,1,311.3
13992.0,4777,1,76.8
13994.0,4750,6,2313.14
14002.0,4881,2,529.73
14004.0,4790,7,4582.64
14005.0,4756,5,2874.72
14006.0,4862,3,962.19
14012.0,5024,1,328.8
14013.0,4857,3,473.02
14014.0,4824,1,505.18
14015.0,4799,1,917.34
14020.0,4763,2,642.8
14021.0,4902,3,631.9
14022.0,4972,1,440.0
14023.0,4754,2,584.07
14024.0,4868,2,327.7
14027.0,4807,1,104.82
14029.0,4810,2,467.66
14030.0,4765,8,2360.09
14035.0,4775,5,1428.02
14036.0,5031,1,626.65
14037.0,4923,2,147.20000000000002
14039.0,4780,1,152.2
14041.0,5013,1,141.41
14044.0,4773,4,652.82
14045.0,4856,4,1659.75
14046.0,5031,1,154.99
14050.0,4778,2,746.36
14052.0,4766,1,225.36
14053.0,4871,2,260.25
14054.0,4812,1,92.46
14055.0,4853,1,725.6400000000001
14059.0,5013,1,183.6
14062.0,4756,12,10464.85
14066.0,5013,1,152.55
14067.0,4810,2,374.7
14068.0,5067,1,265.85
14075.0,4751,3,942.26
14076.0,4876,1,122.47
14077.0,4787,5,499.41999999999996
14078.0,4848,6,1049.37
14079.0,4871,1,375.1
14080.0,4779,1,45.599999999999994
14082.0,5111,1,182.25
14083.0,4751,9,1018.43
14089.0,4803,1,161.0
14090.0,5071,1,76.32000000000001
14093.0,4759,1,442.85
14098.0,4783,1,147.35
14100.0,4884,1,194.9
14101.0,4820,6,5976.79
14104.0,4901,2,216.20999999999998
14114.0,5020,2,386.53
14116.0,4766,5,1382.74
14117.0,4890,1,90.0
14124.0,4831,1,419.58000000000004
14125.0,4757,3,2740.43
14127.0,4869,3,709.71
14128.0,4807,2,637.5
14129.0,4748,5,1123.8600000000001
14130.0,5066,1,483.86
14135.0,4748,15,4690.31
14138.0,4748,2,982.3800000000001
14139.0,4793,1,415.82
14142.0,5120,1,311.81
14143.0,4880,1,115.8
14148.0,4980,1,157.2
14150.0,4782,2,658.64
14154.0,4986,2,1345.62
14155.0,5013,1,118.75
14158.0,4787,1,507.66
14161.0,4962,3,1110.52
14162.0,4920,2,289.36
14163.0,4834,4,2445.91
14164.0,4817,2,1631.77
14165.0,5022,1,122.53999999999999
14167.0,4786,4,574.84
14171.0,4845,1,363.79
14173.0,4757,4,450.84
14174.0,4780,1,134.46
14178.0,4755,7,1620.93
14179.0,4787,2,719.78
14184.0,4813,1,452.89
14185.0,5078,1,197.65
14193.0,4814,2,853.39
14196.0,4853,1,335.52
14199.0,4965,1,185.39999999999998
14204.0,4749,1,161.03
14208.0,4841,1,151.74
14212.0,4836,1,1070.48
14216.0,4750,4,1839.3
14218.0,4789,1,169.48000000000002
14219.0,4751,1,89.94
14220.0,4994,2,632.4
14222.0,4924,1,683.17
14224.0,4857,4,1050.12
14234.0,4769,4,775.46
14236.0,4827,2,490.86
14237.0,5120,1,161.0
14238.0,5073,1,146.85
14240.0,4777,2,890.34
14241.0,4930,1,213.70000000000002
14242.0,4981,2,280.55
14246.0,4857,3,1474.06
14247.0,5025,1,136.76999999999998
14248.0,5065,1,302.58
14250.0,4754,3,1904.05
14251.0,4748,5,2879.7000000000003
14259.0,4888,1,120.0
14261.0,4797,2,1163.45
14262.0,4755,8,2618.23
14265.0,4856,2,530.18
14270.0,5078,1,492.65000000000003
14271.0,4972,1,112.32
14272.0,4820,2,437.96
14273.0,4798,4,559.97
14280.0,4943,1,134.04
14282.0,4750,15,3729.34
14285.0,4768,4,1910.01
14289.0,4755,6,911.26
14293.0,4750,4,1046.56
14300.0,4765,1,43.2
14307.0,4835,6,2995.72
14312.0,4793,6,1611.59
14314.0,4853,1,120.0
14317.0,4811,1,508.58000000000004
14321.0,4757,5,1530.75
14327.0,4910,1,311.65
14331.0,4871,2,462.65999999999997
14332.0,4769,3,866.31
14335.0,4763,2,468.26
14336.0,4763,4,1614.91
14340.0,4965,1,134.7
14344.0,4874,8,889.9300000000001
14345.0,4785,1,108.97999999999999
14346.0,4867,2,1021.58
14348.0,5007,1,409.57
14349.0,4757,1,133.5
14351.0,4911,1,51.0
14352.0,4904,4,1078.96
14353.0,4962,1,90.6
14354.0,4752,2,163.62
14355.0,5112,1,174.4
14357.0,4790,1,225.77
14360.0,4778,4,2128.23
14362.0,4769,1,161.2
14364.0,4855,8,3717.35
14368.0,5066,1,155.0
14371.0,5042,1,100.5
14373.0,5105,1,76.55
14375.0,4932,1,257.68
14377.0,4938,2,617.05
14379.0,4791,2,348.1
14381.0,4799,1,202.68
14382.0,4773,1,626.0699999999999
14383.0,4785,3,1247.69
14385.0,4756,3,202.11
14386.0,5043,1,142.4
14387.0,4779,3,1770.56
14393.0,4965,1,67.95
14396.0,4812,2,487.99
14406.0,4866,1,156.75
14408.0,4757,7,2606.53
14411.0,5057,1,1063.0
14413.0,5109,1,122.7
14416.0,4769,2,490.22
14418.0,4750,3,1937.25
14419.0,4757,6,1058.06
14421.0,4804,2,813.11
14422.0,4747,6,4263.64
14423.0,4965,1,265.2
14424.0,4764,1,322.08
14427.0,4797,2,363.34000000000003
14432.0,4756,6,2255.51
14434.0,4768,6,1372.8
14436.0,4845,1,89.06
14438.0,5053,1,131.9
14439.0,5066,1,2661.24
14440.0,4755,5,2357.6800000000003
14446.0,4747,4,1039.58
14447.0,4765,5,1163.23
14448.0,4756,2,375.35
14449.0,4765,4,907.1
14450.0,4927,3,483.25
14451.0,4807,2,662.59
14452.0,4757,2,264.44
14453.0,4937,1,119.93
14457.0,5057,1,113.64
14459.0,4902,1,1837.92
14461.0,4895,3,2103.06
14463.0,4845,3,529.62
14465.0,4993,3,1058.6200000000001
14466.0,4776,7,2272.4
14467.0,4764,4,598.76
14470.0,4758,2,461.19
14472.0,4850,8,1936.84
14473.0,4821,2,234.34000000000003
14476.0,5004,1,215.7
14479.0,5000,2,316.25
14480.0,4758,1,279.05
14481.0,4911,2,636.51
14482.0,4765,6,2068.15
14484.0,4797,1,321.92
14485.0,4785,1,165.75
14489.0,4954,1,463.38
14491.0,4922,2,340.93
14494.0,4772,1,139.56
14495.0,4797,2,123.8
14496.0,5058,2,538.8100000000001
14498.0,4789,5,1957.32
14499.0,4773,3,815.32
14500.0,4835,3,356.85
14503.0,4750,6,3543.26
14504.0,4794,4,673.26
14506.0,4764,5,2012.17
14508.0,4769,2,276.42
14512.0,4934,2,275.28
14514.0,4808,3,1055.35
14515.0,4764,6,2102.09
14517.0,4780,2,330.45
14518.0,4811,1,174.37
14520.0,4748,2,270.6
14522.0,4771,4,974.54
14523.0,4855,1,241.09
14524.0,4778,9,1867.68
14528.0,4784,1,364.21999999999997
14529.0,4807,3,620.04
14530.0,4772,6,2925.91
14532.0,4983,4,932.85
14536.0,5006,1,171.8
14537.0,4804,1,355.56
14538.0,4811,2,388.25
14539.0,4762,2,537.48
14540.0,4756,3,996.26
14541.0,4805,8,1461.65
14542.0,4932,1,103.25
14544.0,4771,2,2024.45
14548.0,4897,2,652.8
14549.0,5058,1,289.24
14550.0,4757,2,765.62
14551.0,4765,2,186.23
14552.0,4898,1,165.07
14553.0,4766,5,859.27
14554.0,4757,4,2381.04
14555.0,4804,2,324.14
14561.0,4822,3,1080.76
14566.0,4857,1,1432.0
14569.0,4748,1,227.39
14570.0,5027,2,218.06
14576.0,5119,1,35.400000000000006
14577.0,4759,4,859.71
14578.0,4750,1,168.63
14581.0,4763,1,138.6
14582.0,4787,1,114.11
14583.0,4752,5,1052.55
14585.0,4797,1,157.05
14589.0,5118,1,39.75
14591.0,4762,4,1447.14
14592.0,4782,3,570.46
14593.0,4768,3,617.99
14594.0,4754,2,379.83
14595.0,4766,6,1740.6
14597.0,4758,2,883.15
14598.0,4791,1,221.97
14600.0,5052,1,393.33000000000004
14601.0,4757,1,213.96
14603.0,5021,1,660.0
14608.0,4751,4,1785.15
14609.0,4819,4,601.56
14616.0,4989,3,406.08000000000004
14622.0,4931,1,320.58000000000004
14624.0,4804,2,225.85
14628.0,4838,2,671.96
14631.0,4797,3,1006.98
14632.0,5009,1,114.56
14633.0,5013,1,344.90000000000003
14636.0,4783,2,609.85
14638.0,4797,1,443.6
14641.0,4768,1,110.46
14642.0,4805,1,96.12
14645.0,4903,2,597.09
14647.0,4948,1,243.22
14649.0,4751,4,1417.29
14651.0,4814,2,654.6
14652.0,4824,1,114.18
14653.0,4748,7,1947.55
14656.0,4916,2,291.05
14658.0,4752,2,247.15
14660.0,4833,2,285.74
14661.0,4773,1,107.95
14662.0,4775,4,771.17
14664.0,4766,2,637.89
14666.0,4771,1,195.25
14669.0,4988,3,1269.99
14670.0,5027,2,411.53
14672.0,4981,2,765.55
14673.0,4750,5,1736.4
14675.0,4763,1,604.75
14681.0,4818,3,498.95
14682.0,4934,2,52.0
14684.0,4772,5,1236.28
14687.0,4853,1,628.38
14689.0,4955,1,112.8
14691.0,4777,5,2114.33
14693.0,5011,1,172.9
14697.0,4965,2,188.60999999999999
14698.0,4748,5,1250.76
14699.0,4961,1,109.13000000000001
14700.0,4779,3,2235.3
14703.0,4761,1,318.17
14704.0,4758,9,1546.91
14705.0,4945,1,179.0
14710.0,4761,4,606.13
14712.0,4776,3,917.07
14714.0,4771,1,160.19
14715.0,4771,4,867.38
14716.0,4790,2,329.68
14720.0,4752,3,663.81
14722.0,4894,1,187.92000000000002
14723.0,4757,6,1158.3
14725.0,4771,1,718.08
14727.0,5021,1,268.58
14729.0,5120,1,313.49
14730.0,4748,8,2005.06
14731.0,4794,3,380.02
14737.0,4750,3,1164.55
14741.0,4758,6,1400.34
14752.0,4790,1,389.64
14753.0,4834,1,563.15
14754.0,4791,2,638.05
14756.0,4762,1,738.96
14757.0,4822,1,420.5
14758.0,4891,4,1484.06
14759.0,4751,3,1625.97
14761.0,4805,2,255.9
14762.0,5010,1,300.52
14765.0,4776,3,254.11
14770.0,4979,2,876.42
14772.0,4859,1,139.26
14775.0,4805,3,1011.9
14778.0,4874,2,730.86
14779.0,5027,3,386.15
14780.0,4801,2,447.68
14782.0,5066,1,200.10000000000002
14784.0,4773,2,289.99
14785.0,4757,2,77.4
14788.0,4754,2,679.4399999999999
14789.0,4775,1,197.64
14790.0,4763,4,745.06
14795.0,4913,1,131.45000000000002
14798.0,4799,3,173.74
14799.0,4798,1,157.7
14801.0,4808,1,193.14
14803.0,4909,3,845.55
14804.0,4755,1,353.27
14805.0,4762,4,554.65
14806.0,4822,1,193.39000000000001
14810.0,4787,11,2087.88
14813.0,5116,2,155.43
14815.0,4783,2,778.5
14816.0,4944,1,271.85
14817.0,4947,2,1110.34
14818.0,4820,3,657.8
14819.0,4811,2,272.07
14820.0,4768,4,507.29
14821.0,5113,1,48.800000000000004
14823.0,4927,3,321.43
14824.0,4757,4,1127.71
14825.0,4750,12,2226.91
14828.0,4943,3,2139.76
14830.0,4800,1,197.13
14836.0,4757,3,102.44999999999999
14840.0,5014,1,62.85
14841.0,4800,6,3295.76
14844.0,4810,4,3189.81
14847.0,4895,1,309.4
14851.0,4770,2,511.35
14852.0,4805,6,2836.69
14855.0,4866,2,645.65
14856.0,4783,3,1311.3799999999999
14861.0,4799,1,125.79
14862.0,4772,2,841.1999999999999
14863.0,4776,1,266.76
14865.0,4754,2,52.2
14870.0,5008,1,327.25
14871.0,4750,4,522.38
14873.0,4957,1,519.68
14878.0,4759,9,1485.54
14880.0,4824,3,706.19
14881.0,4766,1,255.4
14882.0,4773,2,589.7
14885.0,4878,1,765.3199999999999
14886.0,4999,1,364.8
14887.0,4826,1,1862.0
14888.0,4954,1,369.2
14889.0,5083,1,135.9
14890.0,5000,1,125.65
14891.0,4895,2,554.38
14893.0,4756,2,1237.8500000000001
14894.0,4832,1,655.75
14896.0,4951,2,468.77000000000004
14897.0,4754,4,1366.38
14904.0,4749,2,1025.44
14908.0,4821,1,277.8
14913.0,4782,4,1227.43
14918.0,4862,2,1610.15
14920.0,4959,2,977.77
14921.0,4777,2,1316.07
14923.0,4797,1,749.1
14924.0,4992,1,310.05
14929.0,4779,1,223.88
14930.0,4855,3,2372.86
14932.0,5112,1,363.53
14935.0,5044,1,1784.71
14946.0,4761,1,100.9
14947.0,4819,2,290.82
14951.0,4826,1,311.69
14953.0,4772,1,289.82
14954.0,4759,1,336.17
14957.0,5000,1,58.49
14958.0,4894,3,499.68
14960.0,4755,2,221.27
14962.0,5017,1,126.7
14963.0,4756,5,1487.8
14964.0,4994,1,206.21
14965.0,4843,2,599.0
14966.0,4761,1,191.32
14967.0,4796,1,463.8
14968.0,4777,1,147.59
14970.0,4815,4,1592.06
14971.0,4782,3,1116.57
14972.0,4875,1,114.77
14973.0,4854,3,1314.45
14974.0,4784,1,114.39
14975.0,4804,1,279.94
14978.0,4819,5,1931.42
14981.0,4993,1,102.12
14984.0,4766,2,213.27
14985.0,4945,2,296.75
14987.0,4762,2,326.4
14988.0,4958,1,334.54
14995.0,4785,2,233.23000000000002
14998.0,4917,2,429.87
15000.0,4794,1,490.52
15002.0,4862,4,1641.76
15004.0,4894,1,1246.32
15006.0,4798,1,502.09
15007.0,4906,1,156.91
15009.0,4759,3,1261.78
15010.0,4782,1,308.94
15012.0,4800,2,423.04
15014.0,4790,2,260.17
15016.0,4919,1,170.04
15017.0,4780,1,125.58
15019.0,5013,1,266.0
15022.0,4758,4,905.04
15024.0,4756,10,1661.33
15025.0,4780,1,377.01
15026.0,4827,3,469.0
15028.0,4755,4,627.13
15030.0,4818,2,518.28
15031.0,4751,4,668.14
15035.0,4836,1,252.73000000000002
15036.0,4819,3,465.55
15041.0,4917,1,180.35
15042.0,4946,1,135.93
15043.0,4778,1,537.0
15047.0,5016,1,343.62
15049.0,5020,1,121.17000000000002
15051.0,4770,3,1391.61
15052.0,5066,1,215.78
15053.0,4751,3,697.79
15054.0,4759,2,302.1
15057.0,5022,2,1489.5
15058.0,4772,11,2124.9900000000002
15060.0,4755,4,303.09
15062.0,4818,4,987.86
15063.0,4960,1,370.79999999999995
15067.0,4825,3,1744.76
15068.0,4793,2,553.36
15069.0,4926,1,1109.53
15070.0,5119,1,106.2
15071.0,4840,2,982.07
15074.0,4852,1,748.87
15075.0,4824,1,773.03
15076.0,4919,1,880.85
15083.0,5003,1,88.2
15087.0,5028,1,306.94
15089.0,4757,6,2420.84
15090.0,5055,1,381.32
15092.0,4962,2,457.81
15096.0,4789,1,219.39000000000001
15097.0,4751,1,248.08
15099.0,4831,1,410.48
15103.0,4778,2,703.36
15105.0,4765,7,2298.93
15111.0,4776,3,1567.48
15114.0,4777,10,2760.56
15115.0,4765,1,340.11
15116.0,4764,4,1352.75
15118.0,4881,1,244.8
15119.0,4992,1,266.4
15121.0,4797,2,457.72
15123.0,4754,2,2199.31
15124.0,4769,2,184.19
15127.0,4812,1,406.53
15129.0,4797,11,3447.4
15130.0,4916,1,330.11
15132.0,4765,5,977.9300000000001
15133.0,4874,3,982.42
15134.0,4761,8,1387.99
15139.0,4986,2,178.96
15142.0,4793,1,498.74
15143.0,4972,1,259.45
15145.0,4751,4,1194.73
15148.0,4757,1,301.29
15149.0,4880,1,520.8000000000001
15153.0,4778,1,329.25
15156.0,4748,3,961.49
15158.0,4792,1,401.40000000000003
15160.0,5104,1,158.16
15163.0,4765,2,304.47
15164.0,4815,3,843.05
15165.0,5120,1,487.75
15167.0,5067,1,163.0
15168.0,4772,1,106.56
15172.0,4755,5,1624.05
15174.0,5069,1,135.75
15175.0,4818,1,224.14
15178.0,5007,1,40.5
15180.0,5114,1,87.5
15182.0,4901,2,622.85
15184.0,4776,2,406.76
15185.0,4817,1,310.62
15186.0,4761,2,411.41
15192.0,4866,3,1044.32
15193.0,4807,1,499.32
15195.0,4749,1,3861.0
15198.0,4839,2,193.64
15199.0,4806,4,1268.7
15203.0,4772,6,1827.8
15204.0,5104,1,316.58
15206.0,4757,4,420.29999999999995
15210.0,4972,1,331.18
15211.0,4807,2,894.4100000000001
15214.0,4748,8,1661.44
15216.0,4834,1,96.6
15218.0,4757,11,5756.89
15219.0,4923,1,305.75
15222.0,5065,1,585.0
15225.0,4981,1,409.40000000000003
15226.0,5057,1,154.41
15227.0,4783,5,1219.4
15230.0,4986,2,429.6
15232.0,4860,2,612.06
15234.0,5023,1,197.0
15235.0,4964,12,2247.51
15236.0,5045,1,321.05
15237.0,4748,4,1412.32
15243.0,4821,1,316.68
15244.0,4812,2,631.57
15245.0,4881,3,2515.84
15246.0,4985,2,514.15
15247.0,4869,1,356.0
15252.0,4783,2,740.78
15254.0,4874,1,300.36
15255.0,4813,1,890.85
15256.0,4895,1,98.45
15258.0,4915,2,623.16
15261.0,4882,1,254.82
15262.0,5070,1,178.95000000000002
15263.0,4853,1,156.51
15264.0,4811,1,393.74
15265.0,4898,2,1506.1200000000001
15266.0,5085,1,119.3
15267.0,4769,5,1717.36
15269.0,4770,1,408.8
15272.0,4804,2,721.94
15274.0,4751,2,716.57
15276.0,4813,1,135.31
15277.0,4793,1,255.89999999999998
15280.0,4919,1,113.12
15286.0,4796,1,240.55
15288.0,4790,5,2306.52
15292.0,4948,1,180.94
15300.0,4811,1,496.44
15303.0,5037,1,574.02
15306.0,4811,3,1174.35
15307.0,4842,1,205.3
15313.0,4857,1,52.0
15314.0,4946,1,327.97
15316.0,5073,1,165.0
15318.0,4750,1,312.62
15319.0,5030,1,204.5
15320.0,4791,1,267.13
15325.0,4850,1,162.29
15326.0,5080,1,311.71
15327.0,4799,1,208.75
15330.0,4779,2,714.96
15332.0,5113,4,1661.06
15333.0,4955,1,1028.56
15334.0,4903,3,351.67
15335.0,4800,1,173.97
15341.0,4827,1,2020.52
15343.0,4834,1,364.5
15346.0,5079,1,252.42000000000002
15347.0,5113,1,201.60000000000002
15348.0,4819,1,158.04
15349.0,4905,2,473.81
15350.0,5120,1,115.65
15353.0,5001,2,777.02
15355.0,4776,2,277.05
15356.0,4778,10,2766.5
15360.0,4786,1,427.93
15361.0,5108,1,418.92
15364.0,4842,2,913.19
15366.0,4822,2,602.51
15368.0,4768,1,446.94000000000005
15372.0,4884,1,2007.3999999999999
15374.0,4875,1,168.0
15376.0,4787,3,1233.3600000000001
15381.0,4960,2,596.85
15385.0,4787,1,316.88
15386.0,4933,1,394.14
15388.0,5017,1,140.54
15389.0,4919,1,500.0
15393.0,4763,2,231.86
15394.0,4756,4,2183.54
15395.0,5072,1,107.45
15396.0,4859,1,288.18
15397.0,5036,1,94.0
15399.0,4748,3,815.77
15402.0,4895,2,626.77
15405.0,4936,1,349.1
15407.0,4780,4,1056.44
15408.0,5011,1,267.18
15410.0,4831,8,3450.84
15412.0,4918,1,190.53
15414.0,4756,3,774.9000000000001
15415.0,5060,1,572.8100000000001
15417.0,4832,1,508.8
15419.0,4771,1,135.86
15421.0,4805,4,950.36
15422.0,5070,2,97.7
15423.0,4785,1,43.5
15424.0,5001,2,383.34
15427.0,4780,3,1483.14
15428.0,4762,1,93.78
15432.0,4770,1,171.19
15435.0,4769,1,149.29
15436.0,4759,3,1122.53
15437.0,5009,1,200.16
15438.0,4878,1,156.57999999999998
15440.0,4801,3,383.68
15442.0,4995,1,594.0
15444.0,4756,2,1418.26
15445.0,5011,1,113.5
15447.0,5077,1,155.17
15448.0,5059,1,494.64
15450.0,4777,1,429.84
15452.0,4776,3,538.73
15453.0,4748,7,1388.37
15454.0,5109,1,179.1
15456.0,5030,3,447.22
15457.0,5009,1,237.07
15458.0,4772,1,161.64
15460.0,5101,1,216.76
15462.0,4841,3,234.6
15463.0,4776,1,126.14
15464.0,5085,1,1048.85
15466.0,4832,1,334.53
15471.0,4749,1,469.48
15472.0,4860,1,371.56
15475.0,4824,1,454.10999999999996
15478.0,4787,2,1441.42
15480.0,4863,1,905.5
15483.0,4908,4,233.81
15485.0,4777,3,2575.0
15488.0,4839,1,91.32000000000001
15492.0,4775,2,659.4599999999999
15494.0,4768,2,1299.23
15500.0,4755,4,1131.56
15503.0,5109,1,147.09
15504.0,4828,1,52.83
15506.0,4769,3,979.26
15507.0,4918,1,492.36
15508.0,4936,6,1000.27
15510.0,5077,1,250.0
15511.0,4758,5,909.23
15512.0,4902,2,121.0
15516.0,4791,3,62.43
15517.0,4980,1,267.03
15520.0,4748,1,343.5
15522.0,4779,2,398.84
15523.0,4831,1,412.01000000000005
15524.0,4771,1,440.0
15526.0,4780,2,148.44
15528.0,5001,1,229.33
15530.0,4768,4,1502.35
15531.0,4755,2,2007.44
15537.0,4910,1,110.92
15539.0,4754,1,538.46
15540.0,4758,1,213.3
15541.0,4861,1,85.13000000000001
15543.0,5035,1,127.86
15545.0,4801,2,292.71999999999997
15547.0,4754,14,4954.84
15550.0,4751,4,575.63
15551.0,4783,1,436.06
15552.0,4964,1,90.12
15553.0,4807,1,437.23
15554.0,5024,1,217.2
15556.0,4771,1,279.77
15557.0,4775,1,473.65000000000003
15562.0,5098,1,134.55
15565.0,4797,2,173.16
15567.0,4765,1,186.01
15568.0,4749,3,758.29
15569.0,4850,5,1375.71
15571.0,4758,4,650.4300000000001
15572.0,4751,7,2552.86
15573.0,4778,2,607.45
15574.0,4924,4,702.25
15576.0,4784,1,940.6700000000001
15577.0,4898,3,258.88
15578.0,4909,1,127.1
15579.0,4815,2,348.6
15582.0,4771,3,682.9100000000001
15585.0,4923,1,455.3
15587.0,4797,4,913.6800000000001
15592.0,4793,1,388.58
15593.0,4817,1,199.8
15599.0,4773,2,761.74
15603.0,4825,1,48.480000000000004
15604.0,4799,1,216.39
15605.0,4783,5,1198.23
15607.0,5083,1,104.76
15608.0,4775,4,1093.68
15610.0,4798,1,112.46000000000001
15612.0,4783,2,195.15
15619.0,4757,1,336.40000000000003
15623.0,4888,1,301.03
15624.0,4863,4,588.13
15626.0,4821,2,675.8
15634.0,4764,1,243.55
15636.0,4836,2,724.76
15637.0,4799,1,223.36
15639.0,4881,1,425.32
15641.0,4852,4,1887.2
15644.0,4913,4,813.0
15645.0,4765,1,612.01
15649.0,5083,2,816.0
15651.0,4783,3,646.3
15652.0,4838,1,337.74
15653.0,4839,2,877.4399999999999
15654.0,4756,2,922.53
15656.0,4792,4,748.5
15657.0,4769,1,30.0
15659.0,4790,1,306.45
15661.0,5064,2,309.8
15663.0,4853,1,138.14
15665.0,4915,2,2242.01
15667.0,4786,1,301.32
15668.0,4964,1,76.32000000000001
15670.0,5043,1,173.05
15673.0,4835,4,2881.02
15675.0,4828,3,323.69
15677.0,4796,1,657.23
15678.0,4799,1,352.7
15679.0,4771,4,781.28
15680.0,4756,3,1333.68
15683.0,4864,1,193.75
15689.0,4866,2,254.1
15690.0,4751,2,239.76
15691.0,4999,1,136.8
15692.0,4775,1,191.04
15695.0,5013,2,409.98
15699.0,4764,1,309.65
15701.0,4749,4,1542.14
15703.0,5011,1,211.5
15704.0,4887,4,2293.62
15705.0,4948,1,143.1
15707.0,4782,4,945.58
15709.0,5030,1,133.25
15712.0,4756,5,1072.3600000000001
15714.0,4758,2,330.88
15716.0,4892,4,1118.81
15717.0,4981,1,150.3
15720.0,4771,1,598.73
15721.0,4758,1,507.08
15723.0,5111,1,203.1
15725.0,4762,1,415.25
15727.0,4763,7,5178.96
15732.0,4959,2,294.12
15733.0,5029,1,162.3
15734.0,4861,2,1339.45
15739.0,4813,1,449.12
15740.0,4796,1,154.88
15743.0,4763,4,784.46
15744.0,4824,1,34.8
15747.0,4759,3,974.04
15748.0,4787,1,149.31
15753.0,5051,1,79.2
15756.0,4808,4,532.96
15757.0,4812,2,714.42
15758.0,4771,1,205.25
15759.0,4965,3,253.04
15762.0,4812,2,583.75
15766.0,4811,1,315.06
15773.0,4752,1,635.6800000000001
15774.0,4815,1,270.8
15775.0,4992,1,104.9
15776.0,4880,1,241.62
15780.0,4930,3,475.28000000000003
15783.0,4757,1,246.3
15787.0,4773,3,948.05
15789.0,5105,1,351.3
15790.0,4757,1,220.85
15795.0,4896,1,610.01
15797.0,4860,4,2207.4
15799.0,4822,3,884.14
15800.0,4854,2,699.08
15803.0,4798,1,415.82000000000005
15806.0,4793,3,784.58
15807.0,4797,3,903.9
15812.0,4854,5,1801.14
15813.0,4954,2,1303.9099999999999
15815.0,4810,5,2100.6
15819.0,4796,4,1905.45
15820.0,5066,1,206.98
15821.0,4791,2,570.96
15822.0,4750,2,885.47
15825.0,4919,1,532.94
15829.0,4846,2,636.14
15832.0,5001,1,836.79
15835.0,4791,4,954.09
15837.0,4811,1,391.98
15843.0,5050,1,118.95000000000002
15844.0,4793,1,130.73999999999998
15847.0,4785,2,389.27
15850.0,4766,2,238.85
15852.0,4933,2,160.71
15853.0,4798,1,110.8
15854.0,4751,12,2974.65
15855.0,4883,5,712.24
15857.0,4765,1,297.0
15858.0,4762,5,1438.85
15860.0,4787,8,977.21
15862.0,4755,4,832.88
15863.0,4772,2,68.84
15865.0,4787,3,895.13
15866.0,4848,1,230.53
15869.0,5024,2,149.64
15870.0,4779,1,354.09000000000003
15872.0,4761,2,360.93
15883.0,4749,2,396.48
15885.0,4839,3,379.35
15886.0,4807,1,181.09
15889.0,4903,2,446.87
15891.0,4973,1,524.52
15894.0,5000,2,263.55
15895.0,4896,1,179.17
15897.0,4941,2,222.05
15899.0,5115,1,56.25
15900.0,4770,1,351.11
15901.0,4763,3,363.88
15904.0,4755,1,164.68
15907.0,4750,3,967.45
15909.0,4920,1,191.94
15910.0,4747,8,1232.18
15912.0,4925,2,264.62
15917.0,4994,1,123.1
15918.0,4937,2,334.23
15919.0,4766,2,639.89
15920.0,4901,4,167.5
15921.0,4919,1,336.03000000000003
15923.0,5119,1,127.08
15925.0,4941,1,207.15
15930.0,4814,1,426.63
15933.0,4768,3,1107.46
15935.0,4986,2,416.86
15937.0,4811,1,145.35
15938.0,4859,5,404.58
15942.0,4880,1,337.44
15944.0,5023,1,325.1
15945.0,5112,1,181.0
15947.0,4829,1,1708.24
15948.0,4755,2,955.24
15949.0,4763,2,364.72
15952.0,4780,4,806.57
15957.0,4778,1,428.89
15958.0,4821,1,104.35
15963.0,4766,2,470.76
15965.0,4764,4,845.64
15967.0,4770,2,418.83
15970.0,5050,1,314.1
15971.0,4764,12,4199.85
15975.0,4831,1,371.01
15976.0,4912,2,430.94
15977.0,4764,2,1054.73
15978.0,4824,1,1098.78
15980.0,4835,3,2398.86
15981.0,4771,8,3408.48
15983.0,4769,4,1475.02
15986.0,4777,1,168.12
15987.0,4759,7,1451.28
15988.0,4766,1,158.03
15990.0,4791,2,792.11
15992.0,4750,1,41.989999999999995
15994.0,4801,1,427.07
16000.0,4749,3,12393.7
16003.0,4776,5,2735.37
16005.0,4759,4,615.39
16006.0,4958,1,101.4
16007.0,4794,4,1701.94
16008.0,4770,3,478.78
16009.0,4769,4,992.71
16010.0,4992,3,407.5
16011.0,4755,16,3362.71
16012.0,4782,3,1415.29
16017.0,4794,1,211.88
16018.0,4786,2,408.90000000000003
16020.0,4763,3,851.01
16022.0,5007,1,628.28
16023.0,4793,3,719.81
16024.0,4759,1,251.24
16025.0,4776,1,439.65999999999997
16026.0,4790,1,236.09
16030.0,5056,1,331.24
16031.0,4839,2,548.94
16034.0,4943,3,437.7
16036.0,4834,2,758.92
16037.0,5016,3,855.02
16040.0,4812,3,1313.55
16041.0,4777,3,3166.4
16043.0,4784,4,773.99
16045.0,4866,4,1340.7
16049.0,4787,3,1111.79
16050.0,4920,1,137.9
16052.0,4801,1,362.06
16053.0,4779,2,1511.95
16054.0,4892,1,783.9
16055.0,4967,1,134.8
16056.0,4792,1,664.85
16059.0,4812,6,1459.8600000000001
16062.0,4756,4,1153.62
16063.0,5007,1,335.32
16065.0,5112,1,372.09
16066.0,4763,5,1521.87
16070.0,4769,2,852.15
16071.0,4791,1,326.24
16072.0,5035,1,584.3199999999999
16078.0,5030,1,79.2
16079.0,4763,3,1352.0
16081.0,4803,5,2806.9
16083.0,4847,2,1317.62
16084.0,5046,1,436.18
16085.0,4770,5,981.51
16091.0,4901,2,315.06
16093.0,4853,1,17.0
16096.0,5011,1,320.62
16097.0,4987,1,185.04999999999998
16098.0,4834,7,2005.63
16099.0,4797,3,731.9
16102.0,4789,3,1842.14
16103.0,4754,6,1429.64
16104.0,4808,1,302.36
16105.0,4995,1,336.96
16106.0,4812,1,108.38
16107.0,4764,7,3204.1600000000003
16109.0,4965,2,611.88
16110.0,4792,3,1337.48
16112.0,4890,4,195.73999999999998
16113.0,4930,1,161.38
16114.0,4917,1,135.75000000000003
16115.0,4756,8,1667.97
16117.0,4936,1,232.21
16119.0,4755,2,423.36
16121.0,4804,2,867.11
16122.0,4820,4,684.4200000000001
16123.0,4798,1,307.78
16125.0,5114,1,289.35
16126.0,4776,4,6287.77
16127.0,4786,1,656.25
16128.0,4764,5,1880.22
16131.0,4798,6,3506.54
16135.0,5009,1,517.55
16136.0,4806,3,709.38
16139.0,4765,3,635.41
16141.0,4835,1,620.4
16142.0,4996,1,535.34
16144.0,4993,1,175.2
16146.0,4904,3,734.13
16147.0,4880,1,375.0
16148.0,5043,1,76.32000000000001
16149.0,4751,2,280.52
16152.0,5015,1,1829.04
16153.0,4796,5,1824.23
16159.0,5028,1,348.2
16162.0,4999,1,37.4
16169.0,4755,4,1822.97
16171.0,4806,1,73.2
16172.0,4842,5,1140.21
16174.0,4873,3,1009.5500000000001
16175.0,4841,4,1037.59
16177.0,4797,1,331.95
16178.0,4885,1,197.9
16179.0,4807,1,215.83
16181.0,4820,1,305.54
16182.0,4819,4,6617.65
16183.0,4814,1,338.71000000000004
16185.0,4763,2,529.41
16188.0,4791,4,981.86
16189.0,4762,2,215.48
16190.0,4787,1,215.08
16193.0,4983,1,314.45
16198.0,4822,1,400.68100000000004
16200.0,4751,2,1080.6200000000001
16202.0,5107,1,365.27
16204.0,4770,1,405.71
16205.0,4777,4,761.38
16206.0,4801,4,537.0600000000001
16207.0,4772,1,394.38
16208.0,4791,2,664.26
16209.0,4835,5,2262.62
16210.0,4748,18,21086.3
16213.0,4825,1,159.0
16214.0,4917,3,1062.75
16215.0,4827,1,242.35
16216.0,5014,1,914.9300000000001
16221.0,4783,3,864.86
16222.0,5065,1,846.72
16224.0,4804,4,1295.3
16225.0,4791,5,1096.32
16226.0,4950,3,255.12
16229.0,4834,2,1010.6
16230.0,4936,2,542.03
16236.0,4825,1,432.2
16241.0,4756,13,2607.87
16243.0,4780,2,409.1
16244.0,4958,2,1522.75
16247.0,4917,1,114.56
16248.0,4808,1,152.94
16249.0,4799,5,1800.07
16250.0,5008,2,389.44
16257.0,4923,1,46.95
16258.0,4792,5,5203.51
16260.0,4797,1,1035.45
16261.0,4764,4,746.83
16266.0,4820,7,861.89
16268.0,4818,2,667.65
16270.0,5100,1,1141.24
16272.0,4863,1,411.7
16274.0,5120,1,357.95
16275.0,4943,1,559.87
16276.0,4923,1,810.6000000000001
16281.0,4819,1,2062.06
16282.0,5086,1,168.3
16284.0,4778,2,823.97
16287.0,4916,1,142.5
16295.0,4756,4,1328.55
16298.0,4769,3,598.2
16305.0,4885,1,361.21999999999997
16308.0,4784,4,2560.0
16311.0,4764,2,616.26
16313.0,4750,2,274.15000000000003
16315.0,5077,1,226.37
16317.0,4866,3,1341.65
16318.0,4782,1,328.15
16319.0,4964,1,404.40000000000003
16320.0,4919,2,1038.46
16322.0,4748,2,326.75
16323.0,4943,1,207.50000000000003
16324.0,4875,3,428.68
16327.0,4761,6,3844.22
16333.0,4754,22,26626.8
16337.0,4783,1,151.05
16338.0,4904,1,214.79999999999998
16339.0,5031,1,109.95
16340.0,4854,1,549.07
16342.0,4822,4,322.41
16343.0,4763,2,370.47999999999996
16344.0,4905,1,101.10000000000001
16345.0,4791,1,575.41
16347.0,4758,2,887.65
16348.0,4779,7,1469.45
16349.0,5037,1,53.5
16351.0,5079,1,153.9
16352.0,4764,2,494.44
16353.0,4750,23,6675.71
16354.0,4810,2,395.8
16357.0,4780,3,658.88
16361.0,4756,4,896.66
16363.0,4800,1,109.36000000000001
16364.0,4758,2,707.04
16365.0,4764,9,1540.42
16366.0,4765,1,327.3
16367.0,4784,2,804.49
16368.0,4749,2,497.43
16369.0,4765,3,1553.66
16370.0,4829,4,1320.56
16372.0,4780,2,367.93
16374.0,4813,2,473.03000000000003
16377.0,5014,1,676.2
16378.0,4994,3,362.95
16380.0,4808,1,1780.59
16383.0,4821,2,668.36
16384.0,4836,2,584.5
16385.0,4807,3,555.89
16386.0,4775,2,317.2
16387.0,5069,1,94.36
16392.0,5016,1,221.19
16395.0,4807,5,1486.9
16399.0,4766,2,408.57
16400.0,4841,1,303.93
16402.0,5011,2,299.6
16404.0,4817,1,443.05
16405.0,5049,2,167.25
16407.0,4759,10,2126.93
16409.0,4783,5,2028.88
16411.0,4766,2,214.65
16412.0,4800,1,151.83
16413.0,4803,1,262.2
16414.0,4768,2,126.25
16415.0,4791,1,210.35
16418.0,4791,3,675.27
16423.0,4771,1,346.12
16425.0,5049,1,302.7
16426.0,4749,10,1908.25
16427.0,5010,2,241.06
16429.0,4853,1,284.55
16430.0,4804,1,300.85
16431.0,4960,3,642.81
16432.0,4811,1,287.4
16433.0,4775,1,184.26
16434.0,4776,7,1522.25
16438.0,4752,5,798.35
16440.0,4754,5,3640.67
16441.0,4814,2,381.2
16442.0,4748,3,616.79
16445.0,4780,1,230.51
16447.0,4882,1,259.01
16448.0,4945,1,188.89000000000001
16450.0,4896,1,311.92
16451.0,4834,1,266.97
16455.0,4810,7,1841.18
16456.0,4846,5,2158.37
16457.0,4965,1,208.36
16458.0,4749,18,3482.7400000000002
16460.0,4775,3,814.72
16461.0,4924,1,151.42
16464.0,4766,3,1314.68
16466.0,4780,7,1603.46
16468.0,4821,1,74.9
16469.0,4770,4,650.43
16471.0,5021,1,223.95000000000002
16475.0,4835,4,544.3
16477.0,4810,7,2494.46
16478.0,4772,3,331.0
16479.0,4757,2,300.83
16480.0,4822,1,769.29
16482.0,4762,1,220.62
16483.0,4939,1,139.35
16485.0,4824,1,363.65
16491.0,4793,1,731.5
16494.0,5043,1,826.53
16495.0,4750,3,684.41
16497.0,4796,6,2965.69
16500.0,4751,6,400.86
16504.0,4772,1,484.38
16505.0,4778,1,777.6
16506.0,4766,2,90.30000000000001
16509.0,5043,1,363.7
16510.0,5119,1,248.1
16511.0,4768,3,950.26
16513.0,4751,4,874.59
16515.0,4799,5,1627.13
16516.0,4777,1,101.69999999999999
16517.0,5024,1,162.7
16519.0,4772,2,215.07999999999998
16526.0,4918,1,290.36
16527.0,4828,1,228.06
16528.0,4750,1,244.41
16529.0,4937,1,455.25
16531.0,4769,7,1244.59
16532.0,4764,3,6748.8
16535.0,4752,1,593.75
16539.0,4749,4,1388.81
16542.0,4800,1,119.62
16545.0,4911,1,339.3
16549.0,4757,10,4154.64
16551.0,4842,3,922.12
16552.0,4989,2,379.73
16555.0,4782,2,285.89
16556.0,4813,7,3313.79
16557.0,4771,2,281.85
16561.0,4752,2,511.12
16563.0,4800,1,1077.74
16565.0,5111,1,173.7
16567.0,4941,2,865.6
16569.0,4750,1,124.2
16574.0,4818,1,451.44
16582.0,4860,1,313.62
16583.0,5120,1,233.45
16586.0,4995,1,463.95
16587.0,4979,1,225.15
16589.0,4818,3,459.24
16591.0,4815,1,213.5
16593.0,4797,3,330.03
16594.0,4822,1,181.09
16595.0,4808,1,360.16
16596.0,4762,2,250.15
16597.0,4751,1,90.04
16600.0,4751,6,813.52
16601.0,4787,1,244.79999999999998
16603.0,4821,2,482.47
16610.0,4966,1,75.66
16612.0,4779,4,1187.66
16613.0,4817,1,618.59
16614.0,4929,1,506.19
16616.0,4762,2,500.42
16617.0,4982,1,151.85
16620.0,4750,2,178.96
16621.0,4798,4,813.48
16623.0,4992,1,129.45
16624.0,4827,2,810.5699999999999
16625.0,5021,1,333.08
16627.0,4826,1,322.8
16629.0,4820,2,417.73
16634.0,4969,2,217.9
16641.0,4852,1,231.10000000000002
16643.0,4992,1,487.51
16644.0,4924,2,833.78
16647.0,4916,2,214.06
16650.0,4818,1,518.42
16655.0,4764,6,3794.52
16657.0,4756,4,933.62
16658.0,5115,1,123.24
16659.0,4936,1,39.12
16665.0,5109,1,135.39999999999998
16666.0,4766,1,118.98
16667.0,4815,2,570.13
16668.0,4762,6,306.71999999999997
16671.0,4775,3,1692.27
16674.0,4801,2,319.61
16679.0,5113,1,129.75
16680.0,4790,1,183.7
16681.0,4819,6,1770.34
16682.0,4751,5,1028.0
16685.0,4808,2,324.24
16688.0,4748,4,1260.86
16692.0,5003,2,1276.0
16693.0,4815,2,482.01
16696.0,4882,4,657.9000000000001
16697.0,4988,1,112.75
16698.0,4973,2,1998.0
16706.0,4784,3,531.35
16708.0,4792,1,656.63
16709.0,4831,5,3029.87
16710.0,4766,10,2483.04
16711.0,4750,5,1651.03
16712.0,4756,11,3645.43
16715.0,4825,1,301.71999999999997
16718.0,5116,1,623.75
16720.0,4773,1,155.24
16721.0,5009,1,292.47
16723.0,4838,2,589.15
16726.0,4773,5,1382.02
16727.0,5111,1,272.82
16728.0,4793,4,1054.67
16732.0,4778,1,603.75
16734.0,4799,3,650.51
16737.0,4800,1,417.59999999999997
16738.0,5044,1,3.75
16744.0,4758,7,1304.76
16748.0,4764,5,1515.9
16750.0,4791,5,623.93
16751.0,4777,1,1764.72
16752.0,5119,1,207.5
16753.0,4805,1,223.92000000000002
16754.0,5119,1,2002.4
16756.0,4961,1,239.4
16757.0,5065,1,106.83000000000001
16758.0,4812,1,369.34000000000003
16761.0,4843,1,316.62
16762.0,4766,3,1501.38
16765.0,5041,1,34.0
16766.0,5020,2,1145.6
16767.0,4777,11,5580.6
16769.0,5007,1,380.39
16771.0,4780,5,2246.81
16773.0,4804,1,171.59
16775.0,4757,11,1695.66
16776.0,4807,1,388.28
16777.0,4827,2,226.35
16778.0,4821,2,245.94
16780.0,4847,2,425.19
16784.0,4766,1,107.6
16788.0,4870,2,597.48
16789.0,4755,1,80.8
16792.0,5029,2,110.38000000000001
16793.0,4804,1,243.84
16795.0,5112,1,414.88
16796.0,4836,1,305.62
16800.0,4758,1,1201.49
16803.0,4812,1,332.3
16804.0,4770,3,536.99
16805.0,4920,2,460.59
16806.0,4850,4,801.49
16807.0,4889,3,1121.59
16808.0,4846,2,288.42
16811.0,4751,2,547.07
16812.0,5107,1,479.35
16813.0,4755,10,1692.98
16816.0,4850,4,417.06
16820.0,4842,1,497.61
16823.0,4974,1,358.38
16824.0,4762,2,460.64
16825.0,4785,2,775.1800000000001
16826.0,4798,1,341.7
16828.0,4840,2,128.5
16829.0,4903,1,197.22
16830.0,4785,1,325.91
16832.0,4931,3,199.15
16833.0,4748,4,1106.53
16834.0,4974,1,413.46
16835.0,4875,2,180.85
16836.0,4786,2,251.87
16846.0,4797,1,214.32
16847.0,4790,1,193.44
16848.0,4799,1,281.42
16849.0,4933,1,124.57
16850.0,5080,1,332.41
16851.0,4751,3,342.45
16852.0,4757,2,144.91000000000003
16855.0,4770,2,328.4
16856.0,4761,1,35.400000000000006
16866.0,4887,3,207.73999999999998
16872.0,4824,3,680.02
16877.0,4759,6,853.72
16880.0,4777,7,1519.08
16881.0,4813,1,432.0
16882.0,4813,3,705.12
16883.0,4934,2,276.73
16884.0,4784,2,429.84000000000003
16885.0,4762,3,471.51
16887.0,4782,1,194.88
16889.0,4941,3,1578.67
16891.0,4748,5,809.7
16893.0,5113,1,145.93
16895.0,4811,1,219.14
16899.0,4754,6,1281.56
16902.0,4863,1,1706.88
16903.0,4776,1,373.24
16904.0,4751,16,3754.27
16906.0,4828,4,579.77
16907.0,4776,5,981.65
16910.0,4751,8,1510.06
16913.0,5037,1,113.44
16914.0,4783,1,208.46
16915.0,4756,6,621.6800000000001
16916.0,4770,2,576.26
16917.0,5023,1,391.52
16919.0,4903,11,2596.45
16921.0,4808,1,169.79
16926.0,5118,1,230.25
16927.0,4862,3,543.05
16929.0,4750,7,1295.39
16930.0,4773,3,380.55
16931.0,4752,21,4604.22
16932.0,4800,1,161.94
16934.0,4801,2,950.9300000000001
16936.0,4772,1,262.68
16940.0,4799,3,3049.88
16943.0,4958,3,816.73
16945.0,4768,19,4345.5
16947.0,4982,1,406.48
16948.0,4885,3,435.02
16950.0,4803,3,1178.56
16952.0,4856,2,167.61
16953.0,4777,1,20.8
16954.0,4747,9,2085.08
16957.0,4986,2,416.64
16959.0,4834,1,117.35000000000001
16960.0,4785,3,507.05
16961.0,4863,1,234.17
16963.0,4934,1,110.55000000000001
16965.0,4973,1,201.19
16967.0,4936,1,319.02
16968.0,4751,2,439.43
16969.0,4786,3,650.41
16976.0,5014,1,251.51999999999998
16978.0,4824,1,344.33
16980.0,5002,2,1078.96
16982.0,4807,1,384.06
16986.0,4776,2,1873.2
16987.0,4750,7,1625.05
16988.0,4752,1,126.12
16989.0,4754,6,1133.25
16990.0,4965,1,179.0
16997.0,5035,3,702.0
16999.0,4770,2,484.82
17001.0,4747,11,3989.57
17004.0,4793,2,1412.94
17006.0,4751,4,781.78
17011.0,4777,1,270.9
17015.0,4775,3,1842.56
17018.0,4787,2,920.1
17019.0,4758,4,1272.61
17022.0,4778,1,71.0
17024.0,4792,3,95.85
17025.0,4807,3,357.77
17026.0,4932,2,154.82999999999998
17029.0,4857,2,716.0
17030.0,4810,1,146.87
17031.0,4758,2,380.35
17033.0,4833,3,1030.14
17038.0,4777,1,112.4
17040.0,4884,1,449.73
17042.0,4749,5,1044.3799999999999
17043.0,4779,4,1735.18
17045.0,4860,3,339.44
17046.0,4904,1,642.02
17047.0,4832,3,1100.9
17050.0,4843,6,3228.84
17051.0,4941,1,247.14000000000001
17052.0,4775,1,413.75
17058.0,4828,3,1179.89
17059.0,4776,5,3095.04
17060.0,5013,1,234.24
17064.0,4805,3,859.35
17070.0,4861,1,312.14
17073.0,4764,4,1446.09
17076.0,4783,3,841.0799999999999
17078.0,4783,2,378.2
17079.0,4825,1,118.80000000000001
17081.0,4772,2,290.16
17082.0,4780,2,2003.85
17083.0,4856,3,1405.78
17084.0,4782,2,2949.75
17086.0,4754,6,2050.08
17088.0,4775,4,1991.01
17092.0,4797,4,1777.78
17100.0,4765,2,971.74
17101.0,4757,4,1621.73
17102.0,5008,1,25.5
17105.0,4906,2,665.78
17110.0,4912,1,163.29999999999998
17111.0,4794,1,248.61
17117.0,5035,1,116.19999999999999
17118.0,5064,1,157.02
17120.0,4980,1,307.46
17122.0,4866,1,138.32
17123.0,4908,1,345.29999999999995
17124.0,4932,1,298.89
17125.0,4797,1,259.35
17128.0,5081,1,157.09
17131.0,4752,5,2463.17
17133.0,4762,7,4892.240000000001
17134.0,4853,2,425.0
17135.0,4763,7,1139.73
17138.0,5022,1,380.5
17140.0,4994,1,465.32
17142.0,4986,1,579.0
17144.0,4748,2,984.57
17146.0,4852,3,749.78
17148.0,4798,1,124.88
17153.0,4771,1,213.78
17154.0,4822,1,329.34
17155.0,4764,2,251.70000000000002
17158.0,4779,3,1266.97
17160.0,4778,6,3518.03
17163.0,4768,2,293.1
17165.0,5031,1,158.68
17171.0,5036,1,224.91
17174.0,4964,1,59.9
17176.0,4948,1,306.13
17179.0,4925,3,711.79
17181.0,4804,2,239.92000000000002
17186.0,4793,2,144.0
17187.0,4973,1,203.95
17189.0,4853,2,384.40000000000003
17191.0,4775,7,2095.13
17194.0,5020,2,262.62
17197.0,4776,1,1013.01
17198.0,4770,3,692.22
17201.0,4800,1,342.63
17203.0,4782,6,3563.85
17205.0,4800,1,384.08
17206.0,4800,1,204.24
17212.0,5000,1,226.85
17217.0,4981,1,113.5
17218.0,4751,10,1960.72
17219.0,4778,1,114.23
17220.0,4771,14,3198.25
17221.0,4754,2,335.13
17222.0,4812,1,354.15
17223.0,5057,2,426.79
17226.0,5055,1,393.49
17227.0,4765,6,939.32
17228.0,4762,8,1906.09
17229.0,4843,2,318.76
17232.0,4749,2,421.52
17233.0,4782,1,190.88
17234.0,4929,1,149.89000000000001
17235.0,4772,2,550.06
17236.0,4759,6,916.13
17237.0,4758,2,314.69
17238.0,4749,17,3744.65
17242.0,4855,2,1135.04
17244.0,4800,1,954.9
17245.0,4951,1,171.45
17247.0,4762,1,282.19
17248.0,4867,1,318.65
17250.0,4750,2,384.52
17251.0,5109,1,283.28000000000003
17252.0,4863,2,353.86
17253.0,4765,1,178.26
17254.0,4751,2,272.44
17255.0,4787,2,298.41
17256.0,4854,2,240.0
17259.0,4895,2,603.37
17262.0,4799,5,1253.3600000000001
17263.0,4955,1,63.440000000000005
17265.0,4885,2,562.9
17266.0,4749,3,310.64
17267.0,4874,2,317.62
17268.0,4854,4,763.64
17274.0,4782,1,111.97999999999999
17277.0,4974,2,1065.3500000000001
17278.0,4988,1,246.04
17279.0,4804,1,187.82999999999998
17282.0,4877,3,1703.41
17286.0,4768,1,153.92
17287.0,4773,7,1064.11
17288.0,4756,7,1419.73
17290.0,4750,2,525.24
17291.0,5055,1,550.8000000000001
17293.0,4755,9,1875.1100000000001
17295.0,4775,3,556.95
17297.0,4764,1,131.78
17298.0,4848,2,498.42
17299.0,4758,4,669.11
17301.0,4768,1,197.63
17303.0,5108,1,250.04
17309.0,4842,1,82.75
17311.0,4825,2,1384.85
17312.0,4885,3,644.3
17320.0,4847,3,1200.6200000000001
17321.0,4755,2,700.86
17324.0,4764,4,990.23
17325.0,5027,1,96.8
17329.0,4761,2,523.11
17330.0,4769,2,363.9
17331.0,4870,1,175.2
17333.0,4832,1,494.25
17339.0,4841,2,243.36
17341.0,4903,3,781.36
17343.0,5102,1,193.64
17344.0,4793,1,160.57
17345.0,4762,4,537.74
17347.0,4833,1,228.96
17348.0,4761,5,1159.52
17349.0,4926,1,110.75
17351.0,4783,3,587.15
17353.0,4876,2,1740.0
17354.0,4797,1,1393.06
17356.0,5058,1,178.22
17357.0,4771,2,388.14
17358.0,5050,2,365.85
17359.0,4758,1,127.86
17360.0,4764,3,585.79
17361.0,4796,3,488.2
17362.0,4986,2,312.23
17365.0,4759,8,4801.56
17367.0,4985,1,168.4
17370.0,4819,4,446.18
17371.0,4764,3,423.89
17372.0,4787,8,1342.68
17373.0,4787,4,646.92
17374.0,4965,2,495.77
17376.0,4817,2,203.2
17379.0,4758,1,404.66
17382.0,4812,1,65.4
17383.0,4751,1,199.29
17384.0,4766,2,336.4
17385.0,4761,1,261.11
17386.0,4754,6,2686.42
17387.0,4766,2,784.11
17388.0,4824,4,1259.56
17391.0,4910,2,508.8
17392.0,5053,2,457.91
17394.0,4966,1,203.86999999999998
17396.0,4786,8,7330.8
17397.0,4769,2,696.41
17398.0,4861,3,653.38
17400.0,4873,5,2129.96
17402.0,4751,13,2633.85
17403.0,4783,1,281.62
17408.0,4910,1,32.65
17409.0,4931,2,771.85
17410.0,4763,5,1214.72
17412.0,4749,7,1258.06
17414.0,4790,2,778.0
17415.0,4826,1,507.84
17418.0,4789,2,463.46000000000004
17420.0,4797,3,598.83
17425.0,4766,2,759.17
17427.0,4818,1,100.8
17430.0,4779,2,265.76
17431.0,5060,1,403.3
17432.0,4765,2,365.76
17433.0,4835,1,303.15999999999997
17436.0,4748,2,216.29999999999998
17443.0,4966,1,534.24
17444.0,4894,3,2940.04
17446.0,4923,2,120.9
17447.0,4787,2,541.53
17453.0,4764,2,486.71999999999997
17454.0,4939,4,517.53
17455.0,4950,1,131.7
17456.0,5112,1,249.86
17457.0,4873,5,1737.7
17458.0,4762,1,316.5
17459.0,4790,2,657.3
17461.0,4769,3,757.46
17464.0,4905,1,289.96000000000004
17466.0,4757,2,763.28
17468.0,4757,2,137.0
17470.0,4791,5,1125.07
17472.0,4938,3,710.29
17475.0,4826,1,194.37
17483.0,4812,3,414.04
17486.0,5008,1,396.87
17489.0,4805,2,376.64
17492.0,4995,1,374.57
17495.0,4754,2,497.56
17496.0,5105,1,271.05
17498.0,4822,1,272.22
17499.0,5036,1,622.88
17500.0,4764,3,1138.0
17501.0,4967,2,288.6
17502.0,4756,4,689.1
17503.0,4749,2,558.96
17505.0,4908,2,1145.84
17507.0,5008,2,605.58
17508.0,5027,1,387.31
17510.0,4771,1,308.48
17513.0,4819,1,513.2
17514.0,4875,1,208.65
17515.0,4778,4,639.02
17516.0,4762,5,768.08
17517.0,5055,1,153.94
17520.0,4800,1,546.81
17522.0,4748,5,1070.71
17523.0,4758,4,652.74
17524.0,5108,1,145.0
17525.0,5106,1,422.70000000000005
17530.0,4748,10,2385.0
17534.0,4800,1,223.36
17535.0,5027,1,164.4
17536.0,4924,1,76.5
17537.0,4776,2,897.62
17538.0,4772,1,98.42
17542.0,5016,1,170.75
17545.0,4790,3,645.96
17549.0,4770,2,148.86
17550.0,4944,3,267.16
17551.0,5106,1,306.84
17553.0,4876,1,1487.6
17554.0,4748,5,1952.45
17555.0,4766,2,483.26
17556.0,4952,1,157.9
17557.0,4761,3,541.46
17561.0,4766,1,167.62
17564.0,4771,3,454.01
17566.0,4755,2,901.21
17569.0,5079,1,344.14
17571.0,4797,4,1498.51
17572.0,4818,4,226.75000000000003
17574.0,4989,1,185.65
17580.0,4999,3,215.72
17582.0,4983,1,175.27
17585.0,4856,4,1133.07
17588.0,4847,3,1240.2
17589.0,4807,4,2404.17
17590.0,4749,3,1479.22
17594.0,4832,2,993.18
17595.0,4759,2,388.79
17596.0,4770,7,2827.93
17597.0,4960,1,2044.3700000000001
17600.0,4764,1,161.67000000000002
17601.0,4986,1,116.00999999999999
17604.0,4964,2,309.36
17608.0,4780,2,193.42
17614.0,4804,1,390.07
17615.0,4877,3,329.6
17616.0,4920,3,571.1999999999999
17618.0,4752,3,971.58
17619.0,5059,1,218.52
17620.0,4806,1,81.44
17623.0,4779,1,527.0500000000001
17624.0,4761,2,843.48
17625.0,4765,4,2047.0
17628.0,4828,1,75.75
17630.0,4916,2,503.59999999999997
17631.0,4748,3,528.33
17634.0,4783,9,2361.9700000000003
17637.0,4778,2,547.0600000000001
17639.0,5023,1,108.5
17640.0,4833,1,621.66
17642.0,4866,2,712.29
17643.0,5120,1,101.55
17647.0,4812,1,133.06
17650.0,4768,1,166.08
17654.0,5024,1,117.55
17656.0,4820,5,1674.69
17660.0,4888,1,196.0
17664.0,4765,2,604.64
17666.0,4750,2,728.16
17668.0,4748,2,347.75
17669.0,4789,7,3406.7200000000003
17670.0,4974,1,205.7
17674.0,4821,2,551.04
17678.0,5010,1,298.11
17679.0,4799,2,1992.1100000000001
17680.0,4770,1,184.4
17684.0,4790,1,239.41
17685.0,4763,7,3191.53
17686.0,4754,7,5739.46
17691.0,5105,2,290.40000000000003
17694.0,4888,1,283.12
17695.0,4878,2,765.34
17697.0,4983,1,338.95
17698.0,5007,1,154.95
17701.0,4999,1,417.95
17703.0,4782,3,798.74
17704.0,4915,2,885.19
17707.0,4932,2,152.4
17708.0,4934,2,267.08
17709.0,4916,1,137.45
17711.0,4757,2,385.1
17712.0,4791,1,522.91
17714.0,5067,1,153.0
17715.0,4947,1,326.4
17718.0,4979,1,139.35
17720.0,4773,4,1195.94
17723.0,4874,6,3276.4000000000005
17732.0,5119,1,303.97
17733.0,4785,2,692.19
17734.0,4800,3,700.63
17735.0,4749,19,13110.02
17737.0,4756,2,168.24
17742.0,4860,2,355.11
17749.0,4925,2,674.52
17750.0,4752,9,1797.57
17752.0,5106,1,80.64
17758.0,4766,8,3456.7000000000003
17759.0,4764,3,834.99
17760.0,4768,2,287.59
17761.0,4779,1,712.78
17763.0,5010,1,15.0
17764.0,4797,2,818.8199999999999
17765.0,4905,3,371.88
17767.0,4762,1,271.2
17768.0,4755,3,2273.1800000000003
17770.0,4945,5,1143.27
17771.0,4803,2,245.81
17772.0,4757,2,182.77
17775.0,5001,1,56.4
17777.0,4771,3,665.86
17781.0,4906,2,188.02
17783.0,4819,2,283.47
17785.0,4800,1,131.94
17786.0,4832,2,278.74
17787.0,4899,4,1865.19
17788.0,4820,2,1117.9
17789.0,5028,1,225.9
17790.0,4773,14,1965.55
17791.0,4776,1,106.1
17793.0,4772,1,323.04
17795.0,4926,2,350.39
17796.0,4787,4,697.9
17797.0,4769,3,780.43
17800.0,4784,9,1199.01
17805.0,4820,1,512.31
17806.0,4758,1,546.04
17812.0,4759,4,732.16
17816.0,4783,4,36.56
17817.0,4751,3,387.68
17824.0,4798,1,298.4
17827.0,4752,5,1995.46
17829.0,5045,1,889.24
17830.0,4748,3,398.7
17831.0,4780,1,35.400000000000006
17832.0,4796,1,155.37
17835.0,4749,3,350.64
17836.0,4794,1,110.21000000000001
17839.0,4789,1,338.8
17843.0,5050,1,205.48
17844.0,4853,1,51.559999999999995
17846.0,4832,1,2033.1
17848.0,4828,9,901.1999999999999
17849.0,4965,4,605.8000000000001
17852.0,4758,2,114.34
17854.0,4932,2,311.26
17855.0,5119,1,208.97
17858.0,4752,12,5155.66
17859.0,5051,1,148.21
17860.0,5115,1,252.8
17862.0,5070,1,330.9
17863.0,4806,6,3160.0
17864.0,4759,3,597.5
17869.0,4854,5,428.18
17871.0,4951,1,155.9
17877.0,4917,1,237.61
17878.0,4790,1,379.45
17879.0,4920,1,178.51999999999998
17880.0,5111,1,458.92
17881.0,5051,1,133.35000000000002
17883.0,4750,4,671.77
17884.0,4750,4,717.45
17885.0,4759,1,190.19
17886.0,4778,3,899.61
17887.0,4876,1,111.35
17889.0,4959,2,203.87
17890.0,5069,2,602.09
17891.0,4909,1,203.85999999999999
17892.0,4803,3,244.1
17893.0,4972,1,112.25
17894.0,4818,8,1119.81
17895.0,4791,1,98.0
17896.0,4770,1,256.32
17898.0,4832,2,152.06
17899.0,4906,1,155.8
17901.0,4776,1,110.38
17905.0,4818,4,800.24
17906.0,4994,1,72.9
17908.0,5120,1,243.28
17911.0,4756,1,366.23
17913.0,4805,2,411.6
17914.0,4750,1,336.43
17917.0,4792,3,341.28
17919.0,4835,1,1304.04
17920.0,4751,17,4204.1
17921.0,4811,4,826.52
17923.0,5029,1,207.50000000000003
17925.0,5119,1,244.08
17926.0,4880,2,397.29
17928.0,4792,2,212.54
17930.0,4782,5,1740.48
17931.0,4881,2,408.36
17932.0,4776,3,1331.57
17934.0,4798,2,704.25
17935.0,4885,2,145.79
17936.0,4752,1,389.84
17937.0,4755,7,4301.22
17939.0,4906,1,99.14
17941.0,4877,1,304.56
17942.0,4754,1,77.50000000000001
17946.0,4980,2,149.57999999999998
17947.0,4784,1,176.68
17948.0,4894,1,358.56000000000006
17955.0,4945,4,557.3
17956.0,4996,1,12.75
17957.0,4813,1,111.68
17958.0,4863,1,508.4599999999999
17960.0,4918,1,73.78
17961.0,4768,39,1296.44
17962.0,4889,1,102.83
17964.0,4778,2,471.7
17965.0,4784,14,2622.57
17966.0,4784,5,1098.43
17967.0,5118,1,123.07
17968.0,5120,1,277.35
17969.0,4913,2,228.2
17970.0,4958,1,582.59
17972.0,4988,1,136.04
17973.0,4798,1,337.04
17974.0,4771,3,740.79
17976.0,5119,1,353.19
17977.0,4776,1,288.14
17978.0,5112,1,300.91999999999996
17980.0,4912,3,811.45
17984.0,4892,1,152.68
17985.0,4769,1,634.95
17986.0,4803,1,20.8
17987.0,4932,1,198.57
17990.0,4983,3,630.84
17991.0,4972,2,93.35
17995.0,5028,1,76.1
17999.0,4784,2,382.06
18001.0,4759,2,417.23
18004.0,5109,1,169.47
18005.0,4750,2,249.72
18006.0,4770,1,444.68
18008.0,4817,9,2116.19
18010.0,5003,1,174.8
18011.0,5120,1,102.78999999999999
18013.0,4902,2,187.29
18014.0,4775,1,166.42
18015.0,4751,1,120.03
18016.0,4779,5,1483.56
18017.0,4828,3,523.0
18018.0,4855,2,122.14
18019.0,4798,1,38.45
18022.0,4782,1,668.11
18027.0,4845,1,115.31
18032.0,5081,1,73.5
18033.0,4812,1,97.97
18034.0,4768,2,422.88
18035.0,4782,3,730.4
18036.0,4779,3,405.62
18037.0,4901,6,70.02
18040.0,4766,2,357.20000000000005
18042.0,4800,1,165.04999999999998
18043.0,4771,3,559.51
18045.0,4792,1,189.4
18048.0,4950,2,172.29000000000002
18050.0,5106,1,74.4
18056.0,5035,1,363.65
18058.0,4756,1,170.16
18061.0,4768,10,2119.41
18062.0,4920,3,720.52
18064.0,4880,2,814.0
18066.0,4822,1,318.0
18067.0,4787,1,396.33
18068.0,5036,1,101.69999999999999
18071.0,5004,2,453.0
18074.0,5120,1,489.6
18077.0,4755,11,2633.0099999999998
18078.0,4964,2,336.13
18079.0,4792,4,3651.97
18080.0,4765,2,1231.5
18081.0,4783,3,343.45
18082.0,4772,1,703.37
18085.0,5077,2,689.95
18086.0,5021,1,101.34
18088.0,4808,1,167.67000000000002
18094.0,4828,7,3017.3
18095.0,5059,2,580.0500000000001
18096.0,4758,3,911.15
18099.0,4874,1,168.31
18101.0,4758,2,223.65
18104.0,4784,1,754.64
18105.0,4784,1,113.48000000000002
18106.0,5076,1,430.7
18112.0,4759,2,352.69
18113.0,5115,1,76.32000000000001
18114.0,5037,1,220.1
18116.0,4814,8,1418.03
18117.0,4772,1,320.72
18119.0,5114,1,181.12
18120.0,4961,1,111.15
18121.0,4896,2,673.1
18122.0,4755,6,1826.21
18123.0,4771,2,589.4399999999999
18126.0,4807,1,206.82999999999998
18127.0,4766,3,348.73
18129.0,4990,1,112.55000000000001
18135.0,4776,5,681.9100000000001
18138.0,5042,1,152.65
18143.0,4863,2,1000.16
18144.0,4754,12,2888.75
18145.0,4759,4,2861.55
18146.0,4887,2,160.35000000000002
18147.0,4792,2,179.33999999999997
18149.0,4797,3,612.0799999999999
18150.0,4779,3,566.58
18151.0,4881,2,653.35
18154.0,4750,2,399.19
18156.0,4759,2,734.94
18159.0,5048,1,530.15
18160.0,4804,2,638.0600000000001
18165.0,4924,1,302.46000000000004
18169.0,4807,1,202.65
18170.0,4780,3,980.31
18173.0,4833,4,2106.84
18174.0,4754,1,104.0
18179.0,4756,6,1793.17
18180.0,4751,6,1843.75
18181.0,4771,1,382.8
18184.0,4762,1,49.8
18185.0,4996,1,304.25
18191.0,5008,1,207.79999999999998
18192.0,4818,1,957.97
18196.0,4842,2,689.13
18200.0,4853,1,163.8
18202.0,4946,3,1396.99
18203.0,4904,1,160.42000000000002
18205.0,4783,2,517.36
18209.0,4775,1,139.10000000000002
18210.0,4748,6,2621.38
18211.0,4772,5,600.07
18212.0,5073,1,248.42
18213.0,4983,1,232.48000000000002
18215.0,4836,1,299.34000000000003
18216.0,4778,1,481.75
18217.0,4776,2,621.75
18222.0,4839,1,443.0
18224.0,5010,1,158.95000000000002
18227.0,4964,1,93.75
18229.0,4758,20,7276.900000000001
18233.0,5072,1,440.0
18235.0,4818,3,1796.48
18236.0,4776,6,882.24
18237.0,4749,5,987.1
18239.0,4965,5,1561.6100000000001
18240.0,4793,1,422.58
18242.0,4819,4,2232.4900000000002
18246.0,4770,2,596.1
18249.0,4764,1,95.34
18251.0,4834,1,4314.72
18252.0,4797,2,526.67
18255.0,4836,1,103.3
18259.0,4771,3,2338.6000000000004
18261.0,4790,2,324.24
18262.0,4887,1,149.48
18265.0,4819,2,801.51
18273.0,4749,3,204.0
18278.0,4820,1,173.9
18280.0,5024,1,180.60000000000002
18281.0,4927,1,80.82
18283.0,4750,16,2094.88
18287.0,4789,3,1837.28
